PitchNo,Date,Time,PAofInning,PitchofPA,Pitcher,PitcherId,PitcherThrows,PitcherTeam,Batter,BatterId,BatterSide,BatterTeam,Inning,Top/Bottom,Outs,Balls,Strikes,TaggedPitchType,AutoPitchType,PitchCall,KorBB,TaggedHitType,PlayResult,RelSpeed,SpinRate,RelHeight,RelSide,Extension,InducedVertBreak,HorzBreak,PlateLocHeight,PlateLocSide,ExitSpeed,Angle,Distance,OutsOnPlay,RunsScored,HomeTeam,AwayTeam,Stadium,Level,League
1,2027-06-04,19:00:01,1,1,Eli Carver,1001,Right,MAR_MUS,"Hayes, Ryan (OPP_ONE)",4001,Left,OPP_ONE,1,Top,0,0,0,Fastball,Fastball,StrikeCalled,Undefined,Undefined,Undefined,94.4,2369,5.84,1.83,6.13,18.8,10.6,3.32,0.44,,,,0,0,MAR_MUS,OPP_ONE,Hooker Field,Other,Demo League
2,2027-06-04,19:00:02,1,2,Eli Carver,1001,Right,MAR_MUS,"Hayes, Ryan (OPP_ONE)",4001,Left,OPP_ONE,1,Top,0,0,1,Slider,Slider,StrikeCalled,Undefined,Undefined,Undefined,81.7,2584,5.82,1.92,6.3,4.6,-8.3,2.63,0.17,,,,0,0,MAR_MUS,OPP_ONE,Hooker Field,Other,Demo League
3,2027-06-04,19:01:03,1,3,Eli Carver,1001,Right,MAR_MUS,"Hayes, Ryan (OPP_ONE)",4001,Left,OPP_ONE,1,Top,0,0,2,Fastball,Fastball,BallCalled,Undefined,Undefined,Undefined,93.3,2385,5.81,1.89,6.1,16.1,6.2,3.63,-0.39,,,,0,0,MAR_MUS,OPP_ONE,Hooker Field,Other,Demo League
4,2027-06-04,19:01:04,1,4,Eli Carver,1001,Right,MAR_MUS,"Hayes, Ryan (OPP_ONE)",4001,Left,OPP_ONE,1,Top,0,1,2,Slider,Slider,FoulBall,Undefined,Undefined,Undefined,83.9,2694,5.71,1.8,6.3,3.2,-4.7,2.61,-0.03,,,,0,0,MAR_MUS,OPP_ONE,Hooker Field,Other,Demo League
5,2027-06-04,19:01:05,1,5,Eli Carver,1001,Right,MAR_MUS,"Hayes, Ryan (OPP_ONE)",4001,Left,OPP_ONE,1,Top,0,1,2,Fastball,Fastball,InPlay,Undefined,GroundBall,Out,93.4,2270,5.83,1.95,6.24,17.3,10.3,2.91,-0.6,91.8,9.5,134,1,0,MAR_MUS,OPP_ONE,Hooker Field,Other,Demo League
6,2027-06-04,19:02:06,2,1,Eli Carver,1001,Right,MAR_MUS,"Knox, Aaron (OPP_ONE)",4002,Left,OPP_ONE,1,Top,1,0,0,Fastball,Fastball,StrikeCalled,Undefined,Undefined,Undefined,90.4,2069,5.78,1.96,5.98,18.6,7.3,2.02,0.27,,,,0,0,MAR_MUS,OPP_ONE,Hooker Field,Other,Demo League
7,2027-06-04,19:02:07,2,2,Eli Carver,1001,Right,MAR_MUS,"Knox, Aaron (OPP_ONE)",4002,Left,OPP_ONE,1,Top,1,0,1,Slider,Slider,StrikeCalled,Undefined,Undefined,Undefined,83.8,2434,5.93,1.92,6.1,5.7,-7.8,2.75,-0.11,,,,0,0,MAR_MUS,OPP_ONE,Hooker Field,Other,Demo League
8,2027-06-04,19:02:08,2,3,Eli Carver,1001,Right,MAR_MUS,"Knox, Aaron (OPP_ONE)",4002,Left,OPP_ONE,1,Top,1,0,2,Fastball,Fastball,StrikeCalled,Strikeout,Undefined,Undefined,90.9,2269,5.6,1.92,5.92,16.4,9.9,3.56,-0.47,,,,0,0,MAR_MUS,OPP_ONE,Hooker Field,Other,Demo League
9,2027-06-04,19:03:09,3,1,Eli Carver,1001,Right,MAR_MUS,"Vega, Luis (OPP_ONE)",4003,Right,OPP_ONE,1,Top,2,0,0,Fastball,Fastball,BallCalled,Undefined,Undefined,Undefined,91.9,2423,5.85,1.82,6.14,19.6,9.3,2.46,-1.7,,,,0,0,MAR_MUS,OPP_ONE,Hooker Field,Other,Demo League
10,2027-06-04,19:03:10,3,2,Eli Carver,1001,Right,MAR_MUS,"Vega, Luis (OPP_ONE)",4003,Right,OPP_ONE,1,Top,2,1,0,Fastball,Fastball,StrikeSwinging,Undefined,Undefined,Undefined,91.9,2289,5.63,1.87,6.29,16.3,11.2,4.47,0.58,,,,0,0,MAR_MUS,OPP_ONE,Hooker Field,Other,Demo League
11,2027-06-04,19:03:11,3,3,Eli Carver,1001,Right,MAR_MUS,"Vega, Luis (OPP_ONE)",4003,Right,OPP_ONE,1,Top,2,1,1,Fastball,Fastball,BallCalled,Undefined,Undefined,Undefined,91.4,2335,5.86,1.92,6.04,14.7,8.5,2.46,-1.5,,,,0,0,MAR_MUS,OPP_ONE,Hooker Field,Other,Demo League
12,2027-06-04,19:04:12,3,4,Eli Carver,1001,Right,MAR_MUS,"Vega, Luis (OPP_ONE)",4003,Right,OPP_ONE,1,Top,2,2,1,Fastball,Fastball,BallCalled,Undefined,Undefined,Undefined,91.8,2349,5.82,1.93,6.37,14.1,10.8,2.23,1.29,,,,0,0,MAR_MUS,OPP_ONE,Hooker Field,Other,Demo League
13,2027-06-04,19:04:13,3,5,Eli Carver,1001,Right,MAR_MUS,"Vega, Luis (OPP_ONE)",4003,Right,OPP_ONE,1,Top,2,3,1,ChangeUp,ChangeUp,BallCalled,Walk,Undefined,Undefined,85.1,1736,5.76,1.71,6.1,7.7,14.6,2.36,1.27,,,,0,0,MAR_MUS,OPP_ONE,Hooker Field,Other,Demo League
14,2027-06-04,19:04:14,4,1,Eli Carver,1001,Right,MAR_MUS,"Holt, Mason (OPP_ONE)",4004,Right,OPP_ONE,1,Top,2,0,0,Fastball,Fastball,FoulBallNotFieldable,Undefined,Undefined,Undefined,92.9,2428,5.77,1.86,5.98,14.8,11.4,3.45,-0.06,,,,0,0,MAR_MUS,OPP_ONE,Hooker Field,Other,Demo League
15,2027-06-04,19:05:15,4,2,Eli Carver,1001,Right,MAR_MUS,"Holt, Mason (OPP_ONE)",4004,Right,OPP_ONE,1,Top,2,0,1,Slider,Slider,InPlay,Undefined,GroundBall,Single,81.5,2451,5.81,1.81,6.1,3.8,-6.3,2.88,0.11,76.8,0.9,84,0,0,MAR_MUS,OPP_ONE,Hooker Field,Other,Demo League
16,2027-06-04,19:05:16,5,1,Eli Carver,1001,Right,MAR_MUS,"Diaz, Evan (OPP_ONE)",4005,Left,OPP_ONE,1,Top,2,0,0,Slider,Slider,BallCalled,Undefined,Undefined,Undefined,82.9,2565,5.92,1.92,5.98,4.3,-6.3,1.9,-1.54,,,,0,0,MAR_MUS,OPP_ONE,Hooker Field,Other,Demo League
17,2027-06-04,19:05:17,5,2,Eli Carver,1001,Right,MAR_MUS,"Diaz, Evan (OPP_ONE)",4005,Left,OPP_ONE,1,Top,2,1,0,Fastball,Fastball,InPlay,Undefined,GroundBall,Out,92.2,2340,5.8,1.92,6.32,15.6,7.3,3.04,-0.37,64.6,-4.1,71,1,0,MAR_MUS,OPP_ONE,Hooker Field,Other,Demo League
18,2027-06-04,19:06:18,1,1,"Stone, Kade (OPP_ONE)",3001,Right,OPP_ONE,Nico Reyes,2001,Right,MAR_MUS,1,Bottom,0,0,0,Fastball,Fastball,BallCalled,Undefined,Undefined,Undefined,92.7,2274,5.84,1.91,6.41,19.1,9.5,2.55,1.2,,,,0,0,MAR_MUS,OPP_ONE,Hooker Field,Other,Demo League
19,2027-06-04,19:06:19,1,2,"Stone, Kade (OPP_ONE)",3001,Right,OPP_ONE,Nico Reyes,2001,Right,MAR_MUS,1,Bottom,0,1,0,Fastball,Fastball,StrikeCalled,Undefined,Undefined,Undefined,92.7,2349,5.68,1.93,6.18,17.1,10.1,2.55,-0.52,,,,0,0,MAR_MUS,OPP_ONE,Hooker Field,Other,Demo League
20,2027-06-04,19:06:20,1,3,"Stone, Kade (OPP_ONE)",3001,Right,OPP_ONE,Nico Reyes,2001,Right,MAR_MUS,1,Bottom,0,1,1,Fastball,Fastball,BallCalled,Undefined,Undefined,Undefined,89.3,2264,5.89,1.92,6.19,17.4,9.7,4.22,0.74,,,,0,0,MAR_MUS,OPP_ONE,Hooker Field,Other,Demo League
21,2027-06-04,19:07:21,1,4,"Stone, Kade (OPP_ONE)",3001,Right,OPP_ONE,Nico Reyes,2001,Right,MAR_MUS,1,Bottom,0,2,1,ChangeUp,ChangeUp,BallCalled,Undefined,Undefined,Undefined,85.8,1660,5.89,1.86,6.11,7.2,13,2.66,1.61,,,,0,0,MAR_MUS,OPP_ONE,Hooker Field,Other,Demo League
22,2027-06-04,19:07:22,1,5,"Stone, Kade (OPP_ONE)",3001,Right,OPP_ONE,Nico Reyes,2001,Right,MAR_MUS,1,Bottom,0,3,1,Fastball,Fastball,FoulBallNotFieldable,Undefined,Undefined,Undefined,91.9,2388,5.86,1.96,6.06,17.1,12,2.23,-0.51,,,,0,0,MAR_MUS,OPP_ONE,Hooker Field,Other,Demo League
23,2027-06-04,19:07:23,1,6,"Stone, Kade (OPP_ONE)",3001,Right,OPP_ONE,Nico Reyes,2001,Right,MAR_MUS,1,Bottom,0,3,2,Undefined,Slider,InPlay,Undefined,GroundBall,Out,84.7,2384,5.72,1.84,6.38,0.4,-6.4,2.21,-0.39,91.2,-41.6,100,1,0,MAR_MUS,OPP_ONE,Hooker Field,Other,Demo League
24,2027-06-04,19:08:24,2,1,"Stone, Kade (OPP_ONE)",3001,Right,OPP_ONE,Jace Hollis,2002,Right,MAR_MUS,1,Bottom,1,0,0,Fastball,Fastball,FoulBall,Undefined,Undefined,Undefined,91.8,2387,5.67,1.86,5.92,17,9.9,2.88,-0.8,,,,0,0,MAR_MUS,OPP_ONE,Hooker Field,Other,Demo League
25,2027-06-04,19:08:25,2,2,"Stone, Kade (OPP_ONE)",3001,Right,OPP_ONE,Jace Hollis,2002,Right,MAR_MUS,1,Bottom,1,0,1,Fastball,Fastball,InPlay,Undefined,GroundBall,Single,90.6,2447,5.71,2,6.11,16.7,7.8,2.75,0.48,96.8,-2.3,106,0,0,MAR_MUS,OPP_ONE,Hooker Field,Other,Demo League
26,2027-06-04,19:08:26,3,1,"Stone, Kade (OPP_ONE)",3001,Right,OPP_ONE,Tyler Moss,2003,Right,MAR_MUS,1,Bottom,1,0,0,Slider,Slider,HitByPitch,Undefined,Undefined,Undefined,84,2384,5.93,1.96,6.19,0.9,-0.6,3.03,-1.09,,,,0,0,MAR_MUS,OPP_ONE,Hooker Field,Other,Demo League
27,2027-06-04,19:09:27,4,1,"Stone, Kade (OPP_ONE)",3001,Right,OPP_ONE,Drew Mabry,2004,Left,MAR_MUS,1,Bottom,1,0,0,Slider,Slider,BallCalled,Undefined,Undefined,Undefined,81.7,2465,5.69,1.95,6.19,2.2,-5.5,3.27,0.84,,,,0,0,MAR_MUS,OPP_ONE,Hooker Field,Other,Demo League
28,2027-06-04,19:09:28,4,2,"Stone, Kade (OPP_ONE)",3001,Right,OPP_ONE,Drew Mabry,2004,Left,MAR_MUS,1,Bottom,1,1,0,ChangeUp,ChangeUp,BallCalled,Undefined,Undefined,Undefined,81.3,1591,5.77,1.87,5.99,9.6,13.8,1.21,-0.58,,,,0,0,MAR_MUS,OPP_ONE,Hooker Field,Other,Demo League
29,2027-06-04,19:09:29,4,3,"Stone, Kade (OPP_ONE)",3001,Right,OPP_ONE,Drew Mabry,2004,Left,MAR_MUS,1,Bottom,1,2,0,Fastball,Fastball,StrikeCalled,Undefined,Undefined,Undefined,92.1,2362,5.63,2.09,6.16,15.9,8.8,1.93,-0.32,,,,0,0,MAR_MUS,OPP_ONE,Hooker Field,Other,Demo League
30,2027-06-04,19:10:30,4,4,"Stone, Kade (OPP_ONE)",3001,Right,OPP_ONE,Drew Mabry,2004,Left,MAR_MUS,1,Bottom,1,2,1,Slider,Slider,BallCalled,Undefined,Undefined,Undefined,83.4,2401,5.7,1.97,6.21,1.6,-4.6,3.39,-0.92,,,,0,0,MAR_MUS,OPP_ONE,Hooker Field,Other,Demo League
31,2027-06-04,19:10:31,4,5,"Stone, Kade (OPP_ONE)",3001,Right,OPP_ONE,Drew Mabry,2004,Left,MAR_MUS,1,Bottom,1,3,1,Fastball,Fastball,BallCalled,Walk,Undefined,Undefined,91.4,2270,5.68,1.94,6.12,17.6,11.9,3,-1.55,,,,0,0,MAR_MUS,OPP_ONE,Hooker Field,Other,Demo League
32,2027-06-04,19:10:32,5,1,"Stone, Kade (OPP_ONE)",3001,Right,OPP_ONE,Adrian Soto,2005,Right,MAR_MUS,1,Bottom,1,0,0,Fastball,Fastball,InPlay,Undefined,FlyBall,Single,91.8,2397,5.94,1.94,6.55,17.9,10,3.27,-0.37,96.3,39.6,426,0,0,MAR_MUS,OPP_ONE,Hooker Field,Other,Demo League
33,2027-06-04,19:11:33,6,1,"Stone, Kade (OPP_ONE)",3001,Right,OPP_ONE,Logan Frey,2006,Right,MAR_MUS,1,Bottom,1,0,0,Fastball,Fastball,StrikeCalled,Undefined,Undefined,Undefined,93.1,2292,5.7,1.84,6.04,18.6,12.3,2.42,1,,,,0,0,MAR_MUS,OPP_ONE,Hooker Field,Other,Demo League
34,2027-06-04,19:11:34,6,2,"Stone, Kade (OPP_ONE)",3001,Right,OPP_ONE,Logan Frey,2006,Right,MAR_MUS,1,Bottom,1,0,1,Fastball,Fastball,BallCalled,Undefined,Undefined,Undefined,92.6,2325,5.84,1.9,6.33,16.8,9.1,2.27,0.86,,,,0,0,MAR_MUS,OPP_ONE,Hooker Field,Other,Demo League
35,2027-06-04,19:11:35,6,3,"Stone, Kade (OPP_ONE)",3001,Right,OPP_ONE,Logan Frey,2006,Right,MAR_MUS,1,Bottom,1,1,1,Fastball,Fastball,BallCalled,Undefined,Undefined,Undefined,92.4,2434,5.93,1.97,6.23,15,9.5,3.16,-2,,,,0,0,MAR_MUS,OPP_ONE,Hooker Field,Other,Demo League
36,2027-06-04,19:12:36,6,4,"Stone, Kade (OPP_ONE)",3001,Right,OPP_ONE,Logan Frey,2006,Right,MAR_MUS,1,Bottom,1,2,1,Fastball,Fastball,InPlay,Undefined,FlyBall,Out,90.3,2280,5.9,1.89,6.14,15.2,10.2,1.77,-0.21,82.4,37.8,359,1,0,MAR_MUS,OPP_ONE,Hooker Field,Other,Demo League
37,2027-06-04,19:12:37,7,1,"Stone, Kade (OPP_ONE)",3001,Right,OPP_ONE,Carter Banks,2007,Left,MAR_MUS,1,Bottom,2,0,0,ChangeUp,ChangeUp,FoulBall,Undefined,Undefined,Undefined,84.3,1641,5.82,1.91,6.17,7.9,13,2.66,-0.17,,,,0,0,MAR_MUS,OPP_ONE,Hooker Field,Other,Demo League
38,2027-06-04,19:12:38,7,2,"Stone, Kade (OPP_ONE)",3001,Right,OPP_ONE,Carter Banks,2007,Left,MAR_MUS,1,Bottom,2,0,1,Fastball,Fastball,StrikeCalled,Undefined,Undefined,Undefined,93.6,2225,5.71,1.9,6.31,18.3,10.9,2.94,-0.15,,,,0,0,MAR_MUS,OPP_ONE,Hooker Field,Other,Demo League
39,2027-06-04,19:13:39,7,3,"Stone, Kade (OPP_ONE)",3001,Right,OPP_ONE,Carter Banks,2007,Left,MAR_MUS,1,Bottom,2,0,2,Fastball,Fastball,FoulBall,Undefined,Undefined,Undefined,92.7,2331,5.83,1.88,6.27,18.6,8.3,2.06,-0.64,,,,0,0,MAR_MUS,OPP_ONE,Hooker Field,Other,Demo League
40,2027-06-04,19:13:40,7,4,"Stone, Kade (OPP_ONE)",3001,Right,OPP_ONE,Carter Banks,2007,Left,MAR_MUS,1,Bottom,2,0,2,Fastball,Fastball,BallCalled,Undefined,Undefined,Undefined,92,2337,5.95,1.95,6.22,15.3,9.9,1.8,-1.9,,,,0,0,MAR_MUS,OPP_ONE,Hooker Field,Other,Demo League
41,2027-06-04,19:13:41,7,5,"Stone, Kade (OPP_ONE)",3001,Right,OPP_ONE,Carter Banks,2007,Left,MAR_MUS,1,Bottom,2,1,2,Fastball,Fastball,InPlay,Undefined,LineDrive,Single,93.9,2405,5.86,1.83,6.34,16.6,12,1.97,-0.58,100.9,13.1,200,0,0,MAR_MUS,OPP_ONE,Hooker Field,Other,Demo League
42,2027-06-04,19:14:42,8,1,"Stone, Kade (OPP_ONE)",3001,Right,OPP_ONE,Micah Ward,2008,Right,MAR_MUS,1,Bottom,2,0,0,Fastball,Fastball,FoulBallNotFieldable,Undefined,Undefined,Undefined,92.5,2310,5.71,1.89,6.26,17.2,10,1.84,1.59,,,,0,0,MAR_MUS,OPP_ONE,Hooker Field,Other,Demo League
43,2027-06-04,19:14:43,8,2,"Stone, Kade (OPP_ONE)",3001,Right,OPP_ONE,Micah Ward,2008,Right,MAR_MUS,1,Bottom,2,0,1,Fastball,Fastball,InPlay,Undefined,GroundBall,Single,91.2,2429,5.83,1.85,6.2,19,9.5,2.4,-0.8,91.1,-36.2,100,0,0,MAR_MUS,OPP_ONE,Hooker Field,Other,Demo League
44,2027-06-04,19:14:44,9,1,"Stone, Kade (OPP_ONE)",3001,Right,OPP_ONE,Dylan Ortiz,2009,Left,MAR_MUS,1,Bottom,2,0,0,ChangeUp,ChangeUp,FoulBallFieldable,Undefined,Undefined,Undefined,84.3,1637,5.73,1.98,6.15,5.6,15.3,2.93,-0.59,,,,0,0,MAR_MUS,OPP_ONE,Hooker Field,Other,Demo League
45,2027-06-04,19:15:45,9,2,"Stone, Kade (OPP_ONE)",3001,Right,OPP_ONE,Dylan Ortiz,2009,Left,MAR_MUS,1,Bottom,2,0,1,Slider,Slider,StrikeCalled,Undefined,Undefined,Undefined,84,2555,5.81,1.85,6.18,4.2,-6.4,1.42,-0.28,,,,0,0,MAR_MUS,OPP_ONE,Hooker Field,Other,Demo League
46,2027-06-04,19:15:46,9,3,"Stone, Kade (OPP_ONE)",3001,Right,OPP_ONE,Dylan Ortiz,2009,Left,MAR_MUS,1,Bottom,2,0,2,Slider,Slider,InPlay,Undefined,GroundBall,Sacrifice,84.5,2477,5.76,1.9,6.32,1.6,-6.6,1.97,-0.23,95.2,5.9,88,1,0,MAR_MUS,OPP_ONE,Hooker Field,Other,Demo League
47,2027-06-04,19:15:47,1,1,Eli Carver,1001,Right,MAR_MUS,"Rowe, Chase (OPP_ONE)",4006,Right,OPP_ONE,2,Top,0,0,0,ChangeUp,ChangeUp,StrikeCalled,Undefined,Undefined,Undefined,83.2,1647,5.83,1.83,6.21,6.4,15.1,2.79,0.6,,,,0,0,MAR_MUS,OPP_ONE,Hooker Field,Other,Demo League
48,2027-06-04,19:16:48,1,2,Eli Carver,1001,Right,MAR_MUS,"Rowe, Chase (OPP_ONE)",4006,Right,OPP_ONE,2,Top,0,0,1,Undefined,Slider,BallCalled,Undefined,Undefined,Undefined,82.1,2549,5.79,1.86,6.22,0.6,-4.4,3.46,-1.18,,,,0,0,MAR_MUS,OPP_ONE,Hooker Field,Other,Demo League
49,2027-06-04,19:16:49,1,3,Eli Carver,1001,Right,MAR_MUS,"Rowe, Chase (OPP_ONE)",4006,Right,OPP_ONE,2,Top,0,1,1,Fastball,Fastball,BallCalled,Undefined,Undefined,Undefined,91.5,2214,5.8,1.8,5.88,18.7,12,1.76,-0.03,,,,0,0,MAR_MUS,OPP_ONE,Hooker Field,Other,Demo League
50,2027-06-04,19:16:50,1,4,Eli Carver,1001,Right,MAR_MUS,"Rowe, Chase (OPP_ONE)",4006,Right,OPP_ONE,2,Top,0,2,1,Slider,Slider,StrikeCalled,Undefined,Undefined,Undefined,81.4,2526,5.86,1.94,5.97,-0.5,-6.6,2.64,-0.75,,,,0,0,MAR_MUS,OPP_ONE,Hooker Field,Other,Demo League
51,2027-06-04,19:17:51,1,5,Eli Carver,1001,Right,MAR_MUS,"Rowe, Chase (OPP_ONE)",4006,Right,OPP_ONE,2,Top,0,2,2,Slider,Slider,FoulBall,Undefined,Undefined,Undefined,81.2,2510,5.75,1.91,6.24,4,-4.7,1.44,0.12,,,,0,0,MAR_MUS,OPP_ONE,Hooker Field,Other,Demo League
52,2027-06-04,19:17:52,1,6,Eli Carver,1001,Right,MAR_MUS,"Rowe, Chase (OPP_ONE)",4006,Right,OPP_ONE,2,Top,0,2,2,Fastball,Fastball,FoulBallFieldable,Undefined,Undefined,Undefined,91.5,2352,5.73,1.88,6.09,16.2,9.1,2.11,0.1,,,,0,0,MAR_MUS,OPP_ONE,Hooker Field,Other,Demo League
53,2027-06-04,19:17:53,1,7,Eli Carver,1001,Right,MAR_MUS,"Rowe, Chase (OPP_ONE)",4006,Right,OPP_ONE,2,Top,0,2,2,Fastball,Fastball,BallCalled,Undefined,Undefined,Undefined,93.1,2359,5.86,1.8,6.26,19.7,7.8,2.09,-0.34,,,,0,0,MAR_MUS,OPP_ONE,Hooker Field,Other,Demo League
54,2027-06-04,19:18:54,1,8,Eli Carver,1001,Right,MAR_MUS,"Rowe, Chase (OPP_ONE)",4006,Right,OPP_ONE,2,Top,0,3,2,Slider,Slider,BallCalled,Walk,Undefined,Undefined,83,2484,5.83,2.04,6.08,4.6,-12.8,1.04,0.63,,,,0,0,MAR_MUS,OPP_ONE,Hooker Field,Other,Demo League
55,2027-06-04,19:18:55,2,1,Eli Carver,1001,Right,MAR_MUS,"Nash, Wyatt (OPP_ONE)",4007,Right,OPP_ONE,2,Top,0,0,0,ChangeUp,ChangeUp,StrikeSwinging,Undefined,Undefined,Undefined,84.8,1582,5.73,1.92,6.24,3.9,15.5,1.98,-0.57,,,,0,0,MAR_MUS,OPP_ONE,Hooker Field,Other,Demo League
56,2027-06-04,19:18:56,2,2,Eli Carver,1001,Right,MAR_MUS,"Nash, Wyatt (OPP_ONE)",4007,Right,OPP_ONE,2,Top,0,0,1,ChangeUp,ChangeUp,InPlay,Undefined,LineDrive,Single,83,1677,5.87,1.85,6.11,6.8,11.2,3.12,0.82,105,14.2,225,0,1,MAR_MUS,OPP_ONE,Hooker Field,Other,Demo League
57,2027-06-04,19:19:57,3,1,Eli Carver,1001,Right,MAR_MUS,"Lowe, Seth (OPP_ONE)",4008,Right,OPP_ONE,2,Top,0,0,0,Fastball,Fastball,StrikeCalled,Undefined,Undefined,Undefined,92.5,2414,5.62,1.92,6.23,15.7,11.1,2.18,-0.64,,,,0,0,MAR_MUS,OPP_ONE,Hooker Field,Other,Demo League
58,2027-06-04,19:19:58,3,2,Eli Carver,1001,Right,MAR_MUS,"Lowe, Seth (OPP_ONE)",4008,Right,OPP_ONE,2,Top,0,0,1,Fastball,Fastball,InPlay,Undefined,LineDrive,Out,92.1,2294,5.91,2.01,6.2,16.2,6.3,1.65,0.53,107.7,19.4,304,1,0,MAR_MUS,OPP_ONE,Hooker Field,Other,Demo League
59,2027-06-04,19:19:59,4,1,Eli Carver,1001,Right,MAR_MUS,"Kerr, Blake (OPP_ONE)",4009,Right,OPP_ONE,2,Top,1,0,0,Fastball,Fastball,StrikeCalled,Undefined,Undefined,Undefined,92.4,2386,5.89,1.91,6.45,15,8,2.84,-0.79,,,,0,0,MAR_MUS,OPP_ONE,Hooker Field,Other,Demo League
60,2027-06-04,19:20:00,4,2,Eli Carver,1001,Right,MAR_MUS,"Kerr, Blake (OPP_ONE)",4009,Right,OPP_ONE,2,Top,1,0,1,Fastball,Fastball,BallCalled,Undefined,Undefined,Undefined,92,2397,5.71,1.81,6.16,15.1,7.3,3.82,-1.06,,,,0,0,MAR_MUS,OPP_ONE,Hooker Field,Other,Demo League
61,2027-06-04,19:20:01,4,3,Eli Carver,1001,Right,MAR_MUS,"Kerr, Blake (OPP_ONE)",4009,Right,OPP_ONE,2,Top,1,1,1,ChangeUp,ChangeUp,BallCalled,Undefined,Undefined,Undefined,84.5,1713,5.84,1.94,6.25,9.4,11.3,3.01,-1.03,,,,0,0,MAR_MUS,OPP_ONE,Hooker Field,Other,Demo League
62,2027-06-04,19:20:02,4,4,Eli Carver,1001,Right,MAR_MUS,"Kerr, Blake (OPP_ONE)",4009,Right,OPP_ONE,2,Top,1,2,1,ChangeUp,ChangeUp,StrikeSwinging,Undefined,Undefined,Undefined,84.1,1766,5.84,1.87,6.24,5.3,14.3,3.97,-0.9,,,,0,0,MAR_MUS,OPP_ONE,Hooker Field,Other,Demo League
63,2027-06-04,19:21:03,4,5,Eli Carver,1001,Right,MAR_MUS,"Kerr, Blake (OPP_ONE)",4009,Right,OPP_ONE,2,Top,1,2,2,Fastball,Fastball,InPlay,Undefined,LineDrive,Out,90.9,2456,5.77,1.97,6.44,14.3,10.1,2.81,-0.33,91.8,22.4,291,1,0,MAR_MUS,OPP_ONE,Hooker Field,Other,Demo League
64,2027-06-04,19:21:04,5,1,Eli Carver,1001,Right,MAR_MUS,"Hayes, Ryan (OPP_ONE)",4001,Left,OPP_ONE,2,Top,2,0,0,ChangeUp,ChangeUp,InPlay,Undefined,Popup,Out,83.2,1778,5.74,1.95,6.11,6.9,14.6,1.78,-0.53,80,50.4,360,1,0,MAR_MUS,OPP_ONE,Hooker Field,Other,Demo League
65,2027-06-04,19:21:05,1,1,"Stone, Kade (OPP_ONE)",3001,Right,OPP_ONE,Nico Reyes,2001,Right,MAR_MUS,2,Bottom,0,0,0,Slider,Slider,BallCalled,Undefined,Undefined,Undefined,82.9,2450,5.79,1.89,6.08,3.1,-9.4,3.81,-1.48,,,,0,0,MAR_MUS,OPP_ONE,Hooker Field,Other,Demo League
66,2027-06-04,19:22:06,1,2,"Stone, Kade (OPP_ONE)",3001,Right,OPP_ONE,Nico Reyes,2001,Right,MAR_MUS,2,Bottom,0,1,0,Slider,Slider,FoulBall,Undefined,Undefined,Undefined,83.1,2605,5.83,1.87,6.32,3.9,-4.4,2.59,1.7,,,,0,0,MAR_MUS,OPP_ONE,Hooker Field,Other,Demo League
67,2027-06-04,19:22:07,1,3,"Stone, Kade (OPP_ONE)",3001,Right,OPP_ONE,Nico Reyes,2001,Right,MAR_MUS,2,Bottom,0,1,1,Fastball,Fastball,FoulBallNotFieldable,Undefined,Undefined,Undefined,92.4,2492,5.73,1.91,6.33,15,7.2,2.23,0.95,,,,0,0,MAR_MUS,OPP_ONE,Hooker Field,Other,Demo League
68,2027-06-04,19:22:08,1,4,"Stone, Kade (OPP_ONE)",3001,Right,OPP_ONE,Nico Reyes,2001,Right,MAR_MUS,2,Bottom,0,1,2,ChangeUp,ChangeUp,InPlay,Undefined,GroundBall,Single,83.4,1722,5.72,2,6.07,6.4,13.3,2.19,-0.46,98.4,-5.4,108,0,0,MAR_MUS,OPP_ONE,Hooker Field,Other,Demo League
69,2027-06-04,19:23:09,2,1,"Stone, Kade (OPP_ONE)",3001,Right,OPP_ONE,Jace Hollis,2002,Right,MAR_MUS,2,Bottom,0,0,0,Slider,Slider,StrikeSwinging,Undefined,Undefined,Undefined,82.1,2577,5.7,1.79,6.07,-0.8,-4.2,2.81,-1.11,,,,0,0,MAR_MUS,OPP_ONE,Hooker Field,Other,Demo League
70,2027-06-04,19:23:10,2,2,"Stone, Kade (OPP_ONE)",3001,Right,OPP_ONE,Jace Hollis,2002,Right,MAR_MUS,2,Bottom,0,0,1,Fastball,Fastball,HitByPitch,Undefined,Undefined,Undefined,91.1,2288,5.89,1.97,6.13,16,10.1,1.23,1.01,,,,0,0,MAR_MUS,OPP_ONE,Hooker Field,Other,Demo League
71,2027-06-04,19:23:11,3,1,"Stone, Kade (OPP_ONE)",3001,Right,OPP_ONE,Tyler Moss,2003,Right,MAR_MUS,2,Bottom,0,0,0,ChangeUp,ChangeUp,BallCalled,Undefined,Undefined,Undefined,84.5,1712,5.71,1.85,6.2,6.9,14.8,1.97,-0.89,,,,0,0,MAR_MUS,OPP_ONE,Hooker Field,Other,Demo League
72,2027-06-04,19:24:12,3,2,"Stone, Kade (OPP_ONE)",3001,Right,OPP_ONE,Tyler Moss,2003,Right,MAR_MUS,2,Bottom,0,1,0,ChangeUp,ChangeUp,InPlay,Undefined,FlyBall,FieldersChoice,84.6,1811,5.79,1.88,6.32,6.6,12.2,2.26,-0.79,84.9,42.3,380,1,0,MAR_MUS,OPP_ONE,Hooker Field,Other,Demo League
73,2027-06-04,19:24:13,4,1,"Stone, Kade (OPP_ONE)",3001,Right,OPP_ONE,Drew Mabry,2004,Left,MAR_MUS,2,Bottom,1,0,0,Slider,Slider,StrikeCalled,Undefined,Undefined,Undefined,83,2436,6.02,2.14,6.03,-0.7,-5.9,2.68,-0.69,,,,0,0,MAR_MUS,OPP_ONE,Hooker Field,Other,Demo League
74,2027-06-04,19:24:14,4,2,"Stone, Kade (OPP_ONE)",3001,Right,OPP_ONE,Drew Mabry,2004,Left,MAR_MUS,2,Bottom,1,0,1,ChangeUp,ChangeUp,StrikeCalled,Undefined,Undefined,Undefined,83.6,1805,5.82,1.82,6.44,7,13.9,3.44,-0.62,,,,0,0,MAR_MUS,OPP_ONE,Hooker Field,Other,Demo League
75,2027-06-04,19:25:15,4,3,"Stone, Kade (OPP_ONE)",3001,Right,OPP_ONE,Drew Mabry,2004,Left,MAR_MUS,2,Bottom,1,0,2,Fastball,Fastball,StrikeCalled,Strikeout,Undefined,Undefined,91.2,2354,5.81,2.01,6.25,17,6.9,1.95,0.69,,,,0,0,MAR_MUS,OPP_ONE,Hooker Field,Other,Demo League
76,2027-06-04,19:25:16,5,1,"Stone, Kade (OPP_ONE)",3001,Right,OPP_ONE,Adrian Soto,2005,Right,MAR_MUS,2,Bottom,2,0,0,Slider,Slider,InPlay,Undefined,LineDrive,FieldersChoice,84.8,2437,5.86,1.9,6.2,0,-8,1.45,0.01,57.4,13.7,119,1,0,MAR_MUS,OPP_ONE,Hooker Field,Other,Demo League
77,2027-06-04,19:25:17,1,1,Eli Carver,1001,Right,MAR_MUS,"Knox, Aaron (OPP_ONE)",4002,Left,OPP_ONE,3,Top,0,0,0,Slider,Slider,StrikeSwinging,Undefined,Undefined,Undefined,82.1,2543,5.71,1.89,6.09,2.6,-5.8,2.59,0.86,,,,0,0,MAR_MUS,OPP_ONE,Hooker Field,Other,Demo League
78,2027-06-04,19:26:18,1,2,Eli Carver,1001,Right,MAR_MUS,"Knox, Aaron (OPP_ONE)",4002,Left,OPP_ONE,3,Top,0,0,1,Fastball,Fastball,InPlay,Undefined,LineDrive,Out,90.9,2411,5.64,1.98,6.32,20.3,5.8,2.81,-0.37,81.7,19.4,230,1,0,MAR_MUS,OPP_ONE,Hooker Field,Other,Demo League
79,2027-06-04,19:26:19,2,1,Eli Carver,1001,Right,MAR_MUS,"Vega, Luis (OPP_ONE)",4003,Right,OPP_ONE,3,Top,1,0,0,Fastball,Fastball,InPlay,Undefined,GroundBall,Triple,91.9,2316,5.75,1.89,5.94,16.2,12.4,2.86,0.68,70.3,0.2,77,0,0,MAR_MUS,OPP_ONE,Hooker Field,Other,Demo League
80,2027-06-04,19:26:20,3,1,Eli Carver,1001,Right,MAR_MUS,"Holt, Mason (OPP_ONE)",4004,Right,OPP_ONE,3,Top,1,0,0,Fastball,Fastball,FoulBallNotFieldable,Undefined,Undefined,Undefined,93.4,2367,5.86,1.84,6.19,18,11.8,2.5,0.27,,,,0,0,MAR_MUS,OPP_ONE,Hooker Field,Other,Demo League
81,2027-06-04,19:27:21,3,2,Eli Carver,1001,Right,MAR_MUS,"Holt, Mason (OPP_ONE)",4004,Right,OPP_ONE,3,Top,1,0,1,Slider,Slider,StrikeSwinging,Undefined,Undefined,Undefined,84,2534,5.89,1.81,6.28,-1.6,-4.8,2.22,0.38,,,,0,0,MAR_MUS,OPP_ONE,Hooker Field,Other,Demo League
82,2027-06-04,19:27:22,3,3,Eli Carver,1001,Right,MAR_MUS,"Holt, Mason (OPP_ONE)",4004,Right,OPP_ONE,3,Top,1,0,2,Fastball,Fastball,StrikeSwinging,Strikeout,Undefined,Undefined,91.5,2347,5.69,1.9,6.36,17.4,9.7,2.5,0.72,,,,0,0,MAR_MUS,OPP_ONE,Hooker Field,Other,Demo League
83,2027-06-04,19:27:23,4,1,Eli Carver,1001,Right,MAR_MUS,"Diaz, Evan (OPP_ONE)",4005,Left,OPP_ONE,3,Top,2,0,0,Fastball,Fastball,BallCalled,Undefined,Undefined,Undefined,93.1,2356,5.73,1.9,6.2,16.8,11,1.41,0.06,,,,0,0,MAR_MUS,OPP_ONE,Hooker Field,Other,Demo League
84,2027-06-04,19:28:24,4,2,Eli Carver,1001,Right,MAR_MUS,"Diaz, Evan (OPP_ONE)",4005,Left,OPP_ONE,3,Top,2,1,0,Fastball,Fastball,FoulBall,Undefined,Undefined,Undefined,91,2347,5.66,1.85,6.02,18.5,13.2,1.86,-1.51,,,,0,0,MAR_MUS,OPP_ONE,Hooker Field,Other,Demo League
85,2027-06-04,19:28:25,4,3,Eli Carver,1001,Right,MAR_MUS,"Diaz, Evan (OPP_ONE)",4005,Left,OPP_ONE,3,Top,2,1,1,ChangeUp,ChangeUp,StrikeSwinging,Undefined,Undefined,Undefined,82.8,1775,5.7,1.86,6,8,16.7,3.72,-0.02,,,,0,0,MAR_MUS,OPP_ONE,Hooker Field,Other,Demo League
86,2027-06-04,19:28:26,4,4,Eli Carver,1001,Right,MAR_MUS,"Diaz, Evan (OPP_ONE)",4005,Left,OPP_ONE,3,Top,2,1,2,Fastball,Fastball,StrikeCalled,Strikeout,Undefined,Undefined,91.7,2384,5.78,2.01,6.39,16.9,9.4,1.36,-0.9,,,,0,0,MAR_MUS,OPP_ONE,Hooker Field,Other,Demo League
87,2027-06-04,19:29:27,1,1,"Stone, Kade (OPP_ONE)",3001,Right,OPP_ONE,Logan Frey,2006,Right,MAR_MUS,3,Bottom,0,0,0,Fastball,Fastball,InPlay,Undefined,GroundBall,Single,92.8,2282,5.75,1.74,6.28,18.8,7.5,2.57,-0.27,76.1,9.7,114,0,0,MAR_MUS,OPP_ONE,Hooker Field,Other,Demo League
88,2027-06-04,19:29:28,2,1,"Stone, Kade (OPP_ONE)",3001,Right,OPP_ONE,Carter Banks,2007,Left,MAR_MUS,3,Bottom,0,0,0,Fastball,Fastball,InPlay,Undefined,FlyBall,Single,90.4,2185,5.73,1.97,6.09,17.7,8.8,2.74,0.77,60.9,40.1,270,0,0,MAR_MUS,OPP_ONE,Hooker Field,Other,Demo League
89,2027-06-04,19:29:29,3,1,"Stone, Kade (OPP_ONE)",3001,Right,OPP_ONE,Micah Ward,2008,Right,MAR_MUS,3,Bottom,0,0,0,Fastball,Fastball,BallCalled,Undefined,Undefined,Undefined,91.3,2342,5.78,1.96,6.22,19.1,9.4,2.52,0.87,,,,0,0,MAR_MUS,OPP_ONE,Hooker Field,Other,Demo League
90,2027-06-04,19:30:30,3,2,"Stone, Kade (OPP_ONE)",3001,Right,OPP_ONE,Micah Ward,2008,Right,MAR_MUS,3,Bottom,0,1,0,Slider,Slider,FoulBallNotFieldable,Undefined,Undefined,Undefined,81.7,2511,5.79,1.97,6.23,4.2,-4.6,3.38,-0.44,,,,0,0,MAR_MUS,OPP_ONE,Hooker Field,Other,Demo League
91,2027-06-04,19:30:31,3,3,"Stone, Kade (OPP_ONE)",3001,Right,OPP_ONE,Micah Ward,2008,Right,MAR_MUS,3,Bottom,0,1,1,Fastball,Fastball,InPlay,Undefined,GroundBall,Out,90.9,2442,5.76,1.81,6.16,15.2,12.9,1.89,-0.12,74.3,4.8,82,1,0,MAR_MUS,OPP_ONE,Hooker Field,Other,Demo League
92,2027-06-04,19:30:32,4,1,"Stone, Kade (OPP_ONE)",3001,Right,OPP_ONE,Dylan Ortiz,2009,Left,MAR_MUS,3,Bottom,1,0,0,Fastball,Fastball,BallCalled,Undefined,Undefined,Undefined,92.5,2274,5.84,1.95,6.03,14.9,6.6,3.58,-0.77,,,,0,0,MAR_MUS,OPP_ONE,Hooker Field,Other,Demo League
93,2027-06-04,19:31:33,4,2,"Stone, Kade (OPP_ONE)",3001,Right,OPP_ONE,Dylan Ortiz,2009,Left,MAR_MUS,3,Bottom,1,1,0,Fastball,Fastball,StrikeCalled,Undefined,Undefined,Undefined,90,2426,5.7,1.94,6.42,15.3,11.2,2.79,-0.41,,,,0,0,MAR_MUS,OPP_ONE,Hooker Field,Other,Demo League
94,2027-06-04,19:31:34,4,3,"Stone, Kade (OPP_ONE)",3001,Right,OPP_ONE,Dylan Ortiz,2009,Left,MAR_MUS,3,Bottom,1,1,1,Fastball,Fastball,InPlay,Undefined,FlyBall,HomeRun,92.8,2391,5.75,1.83,6.04,17.3,7,1.88,0.6,109.1,33.7,453,0,2,MAR_MUS,OPP_ONE,Hooker Field,Other,Demo League
95,2027-06-04,19:31:35,5,1,"Stone, Kade (OPP_ONE)",3001,Right,OPP_ONE,Nico Reyes,2001,Right,MAR_MUS,3,Bottom,1,0,0,Fastball,Fastball,FoulBall,Undefined,Undefined,Undefined,93.4,2318,5.85,1.91,6.19,17.8,7.2,2.22,0.43,,,,0,0,MAR_MUS,OPP_ONE,Hooker Field,Other,Demo League
96,2027-06-04,19:32:36,5,2,"Stone, Kade (OPP_ONE)",3001,Right,OPP_ONE,Nico Reyes,2001,Right,MAR_MUS,3,Bottom,1,0,1,Fastball,Fastball,InPlay,Undefined,FlyBall,Double,93,2403,5.81,1.79,6.2,18.4,12.8,2.42,-0.16,78.2,33.4,323,0,0,MAR_MUS,OPP_ONE,Hooker Field,Other,Demo League
97,2027-06-04,19:32:37,6,1,"Stone, Kade (OPP_ONE)",3001,Right,OPP_ONE,Jace Hollis,2002,Right,MAR_MUS,3,Bottom,1,0,0,Fastball,Fastball,StrikeSwinging,Undefined,Undefined,Undefined,92,2441,5.7,1.89,6.07,19.1,7.8,3.17,-1.83,,,,0,0,MAR_MUS,OPP_ONE,Hooker Field,Other,Demo League
98,2027-06-04,19:32:38,6,2,"Stone, Kade (OPP_ONE)",3001,Right,OPP_ONE,Jace Hollis,2002,Right,MAR_MUS,3,Bottom,1,0,1,Slider,Slider,InPlay,Undefined,GroundBall,Single,84.2,2552,5.74,1.86,6.25,2.5,-6.2,2.51,-1.41,80.8,3.3,89,0,0,MAR_MUS,OPP_ONE,Hooker Field,Other,Demo League
99,2027-06-04,19:33:39,7,1,"Stone, Kade (OPP_ONE)",3001,Right,OPP_ONE,Tyler Moss,2003,Right,MAR_MUS,3,Bottom,1,0,0,Fastball,Fastball,InPlay,Undefined,GroundBall,FieldersChoice,91.6,2398,6.01,1.92,6.16,17.9,7.5,2.08,0.68,90.5,7.4,104,1,0,MAR_MUS,OPP_ONE,Hooker Field,Other,Demo League
100,2027-06-04,19:33:40,8,1,"Stone, Kade (OPP_ONE)",3001,Right,OPP_ONE,Drew Mabry,2004,Left,MAR_MUS,3,Bottom,2,0,0,ChangeUp,ChangeUp,StrikeSwinging,Undefined,Undefined,Undefined,85.1,1562,5.91,1.96,6.05,9.2,12.4,2.73,-0.15,,,,0,0,MAR_MUS,OPP_ONE,Hooker Field,Other,Demo League
101,2027-06-04,19:33:41,8,2,"Stone, Kade (OPP_ONE)",3001,Right,OPP_ONE,Drew Mabry,2004,Left,MAR_MUS,3,Bottom,2,0,1,Fastball,Fastball,FoulBallNotFieldable,Undefined,Undefined,Undefined,92,2381,5.88,1.87,6.22,15.8,9.1,2.79,0.33,,,,0,0,MAR_MUS,OPP_ONE,Hooker Field,Other,Demo League
102,2027-06-04,19:34:42,8,3,"Stone, Kade (OPP_ONE)",3001,Right,OPP_ONE,Drew Mabry,2004,Left,MAR_MUS,3,Bottom,2,0,2,Fastball,Fastball,InPlay,Undefined,LineDrive,Out,91,2327,5.78,1.98,6.17,18.3,9.8,2.22,0.4,76.5,14.6,168,1,0,MAR_MUS,OPP_ONE,Hooker Field,Other,Demo League
103,2027-06-04,19:34:43,1,1,Eli Carver,1001,Right,MAR_MUS,"Rowe, Chase (OPP_ONE)",4006,Right,OPP_ONE,4,Top,0,0,0,Fastball,Fastball,BallCalled,Undefined,Undefined,Undefined,91.3,2344,5.79,1.94,6.26,15.6,8.5,3.11,-0.93,,,,0,0,MAR_MUS,OPP_ONE,Hooker Field,Other,Demo League
104,2027-06-04,19:34:44,1,2,Eli Carver,1001,Right,MAR_MUS,"Rowe, Chase (OPP_ONE)",4006,Right,OPP_ONE,4,Top,0,1,0,Slider,Slider,BallCalled,Undefined,Undefined,Undefined,83.8,2573,5.73,1.75,6.23,1.9,-6.5,1.73,1.3,,,,0,0,MAR_MUS,OPP_ONE,Hooker Field,Other,Demo League
105,2027-06-04,19:35:45,1,3,Eli Carver,1001,Right,MAR_MUS,"Rowe, Chase (OPP_ONE)",4006,Right,OPP_ONE,4,Top,0,2,0,ChangeUp,ChangeUp,InPlay,Undefined,LineDrive,Out,85.5,1562,5.85,1.81,5.88,7.8,11.8,0.33,0.05,61.8,23.5,203,1,0,MAR_MUS,OPP_ONE,Hooker Field,Other,Demo League
106,2027-06-04,19:35:46,2,1,Eli Carver,1001,Right,MAR_MUS,"Nash, Wyatt (OPP_ONE)",4007,Right,OPP_ONE,4,Top,1,0,0,Fastball,Fastball,StrikeCalled,Undefined,Undefined,Undefined,91.3,2318,5.82,1.81,6.05,15.6,10.7,3.38,0.13,,,,0,0,MAR_MUS,OPP_ONE,Hooker Field,Other,Demo League
107,2027-06-04,19:35:47,2,2,Eli Carver,1001,Right,MAR_MUS,"Nash, Wyatt (OPP_ONE)",4007,Right,OPP_ONE,4,Top,1,0,1,Fastball,Fastball,StrikeSwinging,Undefined,Undefined,Undefined,92.3,2386,5.83,1.93,6.34,16.6,10.9,3,-0.05,,,,0,0,MAR_MUS,OPP_ONE,Hooker Field,Other,Demo League
108,2027-06-04,19:36:48,2,3,Eli Carver,1001,Right,MAR_MUS,"Nash, Wyatt (OPP_ONE)",4007,Right,OPP_ONE,4,Top,1,0,2,Fastball,Fastball,InPlay,Undefined,GroundBall,Single,92,2374,5.77,1.8,6.13,16.2,8.6,2.65,0.58,92.6,-2.7,102,0,1,MAR_MUS,OPP_ONE,Hooker Field,Other,Demo League
109,2027-06-04,19:36:49,3,1,Eli Carver,1001,Right,MAR_MUS,"Lowe, Seth (OPP_ONE)",4008,Right,OPP_ONE,4,Top,1,0,0,Fastball,Fastball,StrikeSwinging,Undefined,Undefined,Undefined,94.7,2432,5.81,1.87,5.97,18.3,9.6,3.66,0.48,,,,0,0,MAR_MUS,OPP_ONE,Hooker Field,Other,Demo League
110,2027-06-04,19:36:50,3,2,Eli Carver,1001,Right,MAR_MUS,"Lowe, Seth (OPP_ONE)",4008,Right,OPP_ONE,4,Top,1,0,1,Undefined,Fastball,FoulBall,Undefined,Undefined,Undefined,92.6,2382,5.75,1.81,6.21,14.8,8,3.03,-0.76,,,,0,0,MAR_MUS,OPP_ONE,Hooker Field,Other,Demo League
111,2027-06-04,19:37:51,3,3,Eli Carver,1001,Right,MAR_MUS,"Lowe, Seth (OPP_ONE)",4008,Right,OPP_ONE,4,Top,1,0,2,Fastball,Fastball,InPlay,Undefined,GroundBall,Out,91.6,2215,5.71,2.08,6.35,15,8.8,0.99,0.29,69.6,-14.1,77,1,0,MAR_MUS,OPP_ONE,Hooker Field,Other,Demo League
112,2027-06-04,19:37:52,4,1,Eli Carver,1001,Right,MAR_MUS,"Kerr, Blake (OPP_ONE)",4009,Right,OPP_ONE,4,Top,2,0,0,Fastball,Fastball,InPlay,Undefined,GroundBall,Out,92.6,2365,5.76,1.89,5.97,17.6,11.6,2.91,-0.41,87.2,2.9,96,1,0,MAR_MUS,OPP_ONE,Hooker Field,Other,Demo League
113,2027-06-04,19:37:53,1,1,"Stone, Kade (OPP_ONE)",3001,Right,OPP_ONE,Adrian Soto,2005,Right,MAR_MUS,4,Bottom,0,0,0,Slider,Slider,HitByPitch,Undefined,Undefined,Undefined,81.9,2433,5.76,1.82,6.16,1.2,-5.3,2.72,0.78,,,,0,0,MAR_MUS,OPP_ONE,Hooker Field,Other,Demo League
114,2027-06-04,19:38:54,2,1,"Stone, Kade (OPP_ONE)",3001,Right,OPP_ONE,Logan Frey,2006,Right,MAR_MUS,4,Bottom,0,0,0,Fastball,Fastball,InPlay,Undefined,GroundBall,Out,94.4,2375,5.8,1.93,5.97,15,7.5,2.63,0.79,70.7,-6,78,1,0,MAR_MUS,OPP_ONE,Hooker Field,Other,Demo League
115,2027-06-04,19:38:55,3,1,"Stone, Kade (OPP_ONE)",3001,Right,OPP_ONE,Carter Banks,2007,Left,MAR_MUS,4,Bottom,1,0,0,Fastball,Fastball,StrikeCalled,Undefined,Undefined,Undefined,93.8,2244,5.78,1.74,6.37,15.4,8.9,1.38,-0.61,,,,0,0,MAR_MUS,OPP_ONE,Hooker Field,Other,Demo League
116,2027-06-04,19:38:56,3,2,"Stone, Kade (OPP_ONE)",3001,Right,OPP_ONE,Carter Banks,2007,Left,MAR_MUS,4,Bottom,1,0,1,ChangeUp,ChangeUp,BallCalled,Undefined,Undefined,Undefined,84.9,1561,5.81,1.8,6.35,9.3,15.7,1.96,1.63,,,,0,0,MAR_MUS,OPP_ONE,Hooker Field,Other,Demo League
117,2027-06-04,19:39:57,3,3,"Stone, Kade (OPP_ONE)",3001,Right,OPP_ONE,Carter Banks,2007,Left,MAR_MUS,4,Bottom,1,1,1,Fastball,Fastball,BallCalled,Undefined,Undefined,Undefined,92.3,2332,5.73,1.85,6.23,18.8,11.7,3.75,-0.41,,,,0,0,MAR_MUS,OPP_ONE,Hooker Field,Other,Demo League
118,2027-06-04,19:39:58,3,4,"Stone, Kade (OPP_ONE)",3001,Right,OPP_ONE,Carter Banks,2007,Left,MAR_MUS,4,Bottom,1,2,1,Fastball,Fastball,FoulBallNotFieldable,Undefined,Undefined,Undefined,93.6,2446,5.9,1.86,6.39,17.5,5.8,2.13,-0.04,,,,0,0,MAR_MUS,OPP_ONE,Hooker Field,Other,Demo League
119,2027-06-04,19:39:59,3,5,"Stone, Kade (OPP_ONE)",3001,Right,OPP_ONE,Carter Banks,2007,Left,MAR_MUS,4,Bottom,1,2,2,Fastball,Fastball,StrikeSwinging,Strikeout,Undefined,Undefined,91.1,2410,5.68,1.92,6.54,14.8,9.3,2.27,-0.78,,,,0,0,MAR_MUS,OPP_ONE,Hooker Field,Other,Demo League
120,2027-06-04,19:40:00,4,1,"Stone, Kade (OPP_ONE)",3001,Right,OPP_ONE,Micah Ward,2008,Right,MAR_MUS,4,Bottom,2,0,0,Slider,Slider,StrikeSwinging,Undefined,Undefined,Undefined,82.3,2542,5.79,1.88,6.14,3.4,-6.4,3.03,0.4,,,,0,0,MAR_MUS,OPP_ONE,Hooker Field,Other,Demo League
121,2027-06-04,19:40:01,4,2,"Stone, Kade (OPP_ONE)",3001,Right,OPP_ONE,Micah Ward,2008,Right,MAR_MUS,4,Bottom,2,0,1,Undefined,Fastball,FoulBall,Undefined,Undefined,Undefined,93.6,2326,5.91,1.79,6.25,12.9,6.8,2.22,0.5,,,,0,0,MAR_MUS,OPP_ONE,Hooker Field,Other,Demo League
122,2027-06-04,19:40:02,4,3,"Stone, Kade (OPP_ONE)",3001,Right,OPP_ONE,Micah Ward,2008,Right,MAR_MUS,4,Bottom,2,0,2,Fastball,Fastball,StrikeCalled,Strikeout,Undefined,Undefined,93,2355,5.73,1.9,6.08,16,7.5,2.78,-0.75,,,,0,0,MAR_MUS,OPP_ONE,Hooker Field,Other,Demo League
123,2027-06-04,19:41:03,1,1,Eli Carver,1001,Right,MAR_MUS,"Hayes, Ryan (OPP_ONE)",4001,Left,OPP_ONE,5,Top,0,0,0,Fastball,Fastball,StrikeSwinging,Undefined,Undefined,Undefined,92.3,2251,5.88,1.75,6.14,14.2,7.4,2.71,0.94,,,,0,0,MAR_MUS,OPP_ONE,Hooker Field,Other,Demo League
124,2027-06-04,19:41:04,1,2,Eli Carver,1001,Right,MAR_MUS,"Hayes, Ryan (OPP_ONE)",4001,Left,OPP_ONE,5,Top,0,0,1,Fastball,Fastball,BallCalled,Undefined,Undefined,Undefined,91.6,2348,5.74,2.03,6.1,13.6,9.5,0.74,-0.81,,,,0,0,MAR_MUS,OPP_ONE,Hooker Field,Other,Demo League
125,2027-06-04,19:41:05,1,3,Eli Carver,1001,Right,MAR_MUS,"Hayes, Ryan (OPP_ONE)",4001,Left,OPP_ONE,5,Top,0,1,1,Slider,Slider,InPlay,Undefined,LineDrive,Out,83.1,2348,5.82,1.96,6.04,3.1,-6.7,1.82,0.13,93.2,11.8,168,1,0,MAR_MUS,OPP_ONE,Hooker Field,Other,Demo League
126,2027-06-04,19:42:06,2,1,Eli Carver,1001,Right,MAR_MUS,"Knox, Aaron (OPP_ONE)",4002,Left,OPP_ONE,5,Top,1,0,0,Fastball,Fastball,StrikeCalled,Undefined,Undefined,Undefined,93.2,2371,5.84,1.99,6.37,15.7,8.6,1.7,-0.2,,,,0,0,MAR_MUS,OPP_ONE,Hooker Field,Other,Demo League
127,2027-06-04,19:42:07,2,2,Eli Carver,1001,Right,MAR_MUS,"Knox, Aaron (OPP_ONE)",4002,Left,OPP_ONE,5,Top,1,0,1,Slider,Slider,StrikeSwinging,Undefined,Undefined,Undefined,82.2,2473,5.62,1.86,6.14,1.4,-5.1,2.2,0.16,,,,0,0,MAR_MUS,OPP_ONE,Hooker Field,Other,Demo League
128,2027-06-04,19:42:08,2,3,Eli Carver,1001,Right,MAR_MUS,"Knox, Aaron (OPP_ONE)",4002,Left,OPP_ONE,5,Top,1,0,2,Slider,Slider,StrikeCalled,Strikeout,Undefined,Undefined,83,2541,5.84,1.82,5.94,3.4,-5.9,2.73,-0.5,,,,0,0,MAR_MUS,OPP_ONE,Hooker Field,Other,Demo League
129,2027-06-04,19:43:09,3,1,Eli Carver,1001,Right,MAR_MUS,"Vega, Luis (OPP_ONE)",4003,Right,OPP_ONE,5,Top,2,0,0,ChangeUp,ChangeUp,StrikeCalled,Undefined,Undefined,Undefined,84.8,1702,5.66,1.9,6.08,9.2,16,2.03,0.02,,,,0,0,MAR_MUS,OPP_ONE,Hooker Field,Other,Demo League
130,2027-06-04,19:43:10,3,2,Eli Carver,1001,Right,MAR_MUS,"Vega, Luis (OPP_ONE)",4003,Right,OPP_ONE,5,Top,2,0,1,Slider,Slider,StrikeSwinging,Undefined,Undefined,Undefined,83.4,2564,5.82,1.85,6.31,1.2,-3.2,3.66,0.91,,,,0,0,MAR_MUS,OPP_ONE,Hooker Field,Other,Demo League
131,2027-06-04,19:43:11,3,3,Eli Carver,1001,Right,MAR_MUS,"Vega, Luis (OPP_ONE)",4003,Right,OPP_ONE,5,Top,2,0,2,Fastball,Fastball,FoulBall,Undefined,Undefined,Undefined,91.3,2520,5.77,1.9,6.18,19.6,8.5,2.61,-0.76,,,,0,0,MAR_MUS,OPP_ONE,Hooker Field,Other,Demo League
132,2027-06-04,19:44:12,3,4,Eli Carver,1001,Right,MAR_MUS,"Vega, Luis (OPP_ONE)",4003,Right,OPP_ONE,5,Top,2,0,2,Slider,Slider,InPlay,Undefined,LineDrive,Double,85,2556,5.75,2.02,6.22,5.1,-6,2.38,0.54,97.3,21.6,300,0,0,MAR_MUS,OPP_ONE,Hooker Field,Other,Demo League
133,2027-06-04,19:44:13,4,1,Eli Carver,1001,Right,MAR_MUS,"Holt, Mason (OPP_ONE)",4004,Right,OPP_ONE,5,Top,2,0,0,Slider,Slider,InPlay,Undefined,LineDrive,Out,83.8,2512,5.99,1.84,6.28,1.4,-5.8,2.43,0.05,87.9,14.1,187,1,0,MAR_MUS,OPP_ONE,Hooker Field,Other,Demo League
134,2027-06-04,19:44:14,1,1,"Stone, Kade (OPP_ONE)",3001,Right,OPP_ONE,Dylan Ortiz,2009,Left,MAR_MUS,5,Bottom,0,0,0,Slider,Slider,InPlay,Undefined,Popup,Out,84.3,2623,5.84,2.08,6.16,3,-5.9,3.22,0.4,103.6,59.6,466,1,0,MAR_MUS,OPP_ONE,Hooker Field,Other,Demo League
135,2027-06-04,19:45:15,2,1,"Stone, Kade (OPP_ONE)",3001,Right,OPP_ONE,Nico Reyes,2001,Right,MAR_MUS,5,Bottom,1,0,0,Slider,Slider,BallCalled,Undefined,Undefined,Undefined,83.8,2568,5.76,1.81,6.54,-2.9,-4.7,2.51,1.01,,,,0,0,MAR_MUS,OPP_ONE,Hooker Field,Other,Demo League
136,2027-06-04,19:45:16,2,2,"Stone, Kade (OPP_ONE)",3001,Right,OPP_ONE,Nico Reyes,2001,Right,MAR_MUS,5,Bottom,1,1,0,Fastball,Fastball,FoulBallNotFieldable,Undefined,Undefined,Undefined,93.1,2304,5.88,1.98,6.09,18.2,9,2.93,-0.27,,,,0,0,MAR_MUS,OPP_ONE,Hooker Field,Other,Demo League
137,2027-06-04,19:45:17,2,3,"Stone, Kade (OPP_ONE)",3001,Right,OPP_ONE,Nico Reyes,2001,Right,MAR_MUS,5,Bottom,1,1,1,Fastball,Fastball,BallCalled,Undefined,Undefined,Undefined,91.4,2345,5.86,1.8,6.22,19.2,8.6,4.04,0.13,,,,0,0,MAR_MUS,OPP_ONE,Hooker Field,Other,Demo League
138,2027-06-04,19:46:18,2,4,"Stone, Kade (OPP_ONE)",3001,Right,OPP_ONE,Nico Reyes,2001,Right,MAR_MUS,5,Bottom,1,2,1,Fastball,Fastball,BallCalled,Undefined,Undefined,Undefined,89.5,2196,5.79,1.95,6.06,18.7,7.5,1.41,-0.43,,,,0,0,MAR_MUS,OPP_ONE,Hooker Field,Other,Demo League
139,2027-06-04,19:46:19,2,5,"Stone, Kade (OPP_ONE)",3001,Right,OPP_ONE,Nico Reyes,2001,Right,MAR_MUS,5,Bottom,1,3,1,Fastball,Fastball,InPlay,Undefined,FlyBall,Error,89.7,2313,5.72,2.08,6.43,16.1,7,1.74,-0.74,105.5,41.7,472,0,0,MAR_MUS,OPP_ONE,Hooker Field,Other,Demo League
140,2027-06-04,19:46:20,3,1,"Stone, Kade (OPP_ONE)",3001,Right,OPP_ONE,Jace Hollis,2002,Right,MAR_MUS,5,Bottom,1,0,0,ChangeUp,ChangeUp,InPlay,Undefined,GroundBall,Out,84.8,1776,5.9,1.89,6.5,9.7,16,1.63,0.1,89.2,-30.7,98,1,0,MAR_MUS,OPP_ONE,Hooker Field,Other,Demo League
141,2027-06-04,19:47:21,4,1,"Stone, Kade (OPP_ONE)",3001,Right,OPP_ONE,Tyler Moss,2003,Right,MAR_MUS,5,Bottom,2,0,0,Fastball,Fastball,BallCalled,Undefined,Undefined,Undefined,93.4,2463,5.79,1.82,6.14,17.5,10.7,3.62,1.61,,,,0,0,MAR_MUS,OPP_ONE,Hooker Field,Other,Demo League
142,2027-06-04,19:47:22,4,2,"Stone, Kade (OPP_ONE)",3001,Right,OPP_ONE,Tyler Moss,2003,Right,MAR_MUS,5,Bottom,2,1,0,Fastball,Fastball,FoulBallFieldable,Undefined,Undefined,Undefined,91.6,2319,5.84,1.71,6.1,18.6,11.8,2.89,0.55,,,,0,0,MAR_MUS,OPP_ONE,Hooker Field,Other,Demo League
143,2027-06-04,19:47:23,4,3,"Stone, Kade (OPP_ONE)",3001,Right,OPP_ONE,Tyler Moss,2003,Right,MAR_MUS,5,Bottom,2,1,1,Fastball,Fastball,BallCalled,Undefined,Undefined,Undefined,91.5,2301,5.8,1.94,5.94,19.6,6.4,3.25,0.89,,,,0,0,MAR_MUS,OPP_ONE,Hooker Field,Other,Demo League
144,2027-06-04,19:48:24,4,4,"Stone, Kade (OPP_ONE)",3001,Right,OPP_ONE,Tyler Moss,2003,Right,MAR_MUS,5,Bottom,2,2,1,Slider,Slider,StrikeSwinging,Undefined,Undefined,Undefined,84.8,2426,5.7,1.92,6.2,1.3,-4,1.91,-0.3,,,,0,0,MAR_MUS,OPP_ONE,Hooker Field,Other,Demo League
145,2027-06-04,19:48:25,4,5,"Stone, Kade (OPP_ONE)",3001,Right,OPP_ONE,Tyler Moss,2003,Right,MAR_MUS,5,Bottom,2,2,2,Undefined,Fastball,StrikeCalled,Strikeout,Undefined,Undefined,90.7,2342,5.64,1.95,6.26,16.9,8,3.38,-0.44,,,,0,0,MAR_MUS,OPP_ONE,Hooker Field,Other,Demo League
146,2027-06-04,19:48:26,1,1,Mateo Cruz,1002,Left,MAR_MUS,"Diaz, Evan (OPP_ONE)",4005,Left,OPP_ONE,6,Top,0,0,0,Sinker,Sinker,BallCalled,Undefined,Undefined,Undefined,89.8,2172,5.77,-1.87,6.39,7,-16.1,3.15,-0.86,,,,0,0,MAR_MUS,OPP_ONE,Hooker Field,Other,Demo League
147,2027-06-04,19:49:27,1,2,Mateo Cruz,1002,Left,MAR_MUS,"Diaz, Evan (OPP_ONE)",4005,Left,OPP_ONE,6,Top,0,1,0,Sweeper,Sweeper,InPlay,Undefined,FlyBall,Out,78.8,2513,5.83,-1.85,6.22,-1.5,16.4,1.92,-1.67,87.2,27.6,322,1,0,MAR_MUS,OPP_ONE,Hooker Field,Other,Demo League
148,2027-06-04,19:49:28,2,1,Mateo Cruz,1002,Left,MAR_MUS,"Rowe, Chase (OPP_ONE)",4006,Right,OPP_ONE,6,Top,1,0,0,Changeup,Changeup,BallCalled,Undefined,Undefined,Undefined,80.9,1695,5.84,-1.95,6.15,5.6,-15,2.76,1.04,,,,0,0,MAR_MUS,OPP_ONE,Hooker Field,Other,Demo League
149,2027-06-04,19:49:29,2,2,Mateo Cruz,1002,Left,MAR_MUS,"Rowe, Chase (OPP_ONE)",4006,Right,OPP_ONE,6,Top,1,1,0,Sinker,Sinker,BallCalled,Undefined,Undefined,Undefined,88.5,2091,5.81,-1.83,6.34,8.1,-14.4,3.83,0.03,,,,0,0,MAR_MUS,OPP_ONE,Hooker Field,Other,Demo League
150,2027-06-04,19:50:30,2,3,Mateo Cruz,1002,Left,MAR_MUS,"Rowe, Chase (OPP_ONE)",4006,Right,OPP_ONE,6,Top,1,2,0,Sinker,Sinker,InPlay,Undefined,GroundBall,Double,88.9,2171,5.94,-1.86,6.28,9.3,-16.3,1.94,-0.51,93.5,-2.6,103,0,0,MAR_MUS,OPP_ONE,Hooker Field,Other,Demo League
151,2027-06-04,19:50:31,3,1,Mateo Cruz,1002,Left,MAR_MUS,"Nash, Wyatt (OPP_ONE)",4007,Right,OPP_ONE,6,Top,1,0,0,Changeup,Changeup,InPlay,Undefined,FlyBall,Single,81.2,1667,5.68,-1.89,6.03,3.2,-15.3,1.63,-0.79,76.9,37.3,334,0,1,MAR_MUS,OPP_ONE,Hooker Field,Other,Demo League
152,2027-06-04,19:50:32,4,1,Mateo Cruz,1002,Left,MAR_MUS,"Lowe, Seth (OPP_ONE)",4008,Right,OPP_ONE,6,Top,1,0,0,Sinker,Sinker,StrikeCalled,Undefined,Undefined,Undefined,89.2,2224,5.74,-1.91,6.21,9.6,-16.6,1.84,-0.23,,,,0,0,MAR_MUS,OPP_ONE,Hooker Field,Other,Demo League
153,2027-06-04,19:51:33,4,2,Mateo Cruz,1002,Left,MAR_MUS,"Lowe, Seth (OPP_ONE)",4008,Right,OPP_ONE,6,Top,1,0,1,Sinker,Sinker,FoulBall,Undefined,Undefined,Undefined,88.7,2092,5.74,-1.89,6.11,7.1,-13.4,2.69,-0.49,,,,0,0,MAR_MUS,OPP_ONE,Hooker Field,Other,Demo League
154,2027-06-04,19:51:34,4,3,Mateo Cruz,1002,Left,MAR_MUS,"Lowe, Seth (OPP_ONE)",4008,Right,OPP_ONE,6,Top,1,0,2,Sweeper,Sweeper,FoulBallNotFieldable,Undefined,Undefined,Undefined,77.5,2721,5.81,-1.96,6.01,3.3,13.9,2.71,0.97,,,,0,0,MAR_MUS,OPP_ONE,Hooker Field,Other,Demo League
155,2027-06-04,19:51:35,4,4,Mateo Cruz,1002,Left,MAR_MUS,"Lowe, Seth (OPP_ONE)",4008,Right,OPP_ONE,6,Top,1,0,2,Sinker,Sinker,BallCalled,Undefined,Undefined,Undefined,89.1,2165,5.77,-1.91,6.6,7.8,-13.7,3.74,-0.35,,,,0,0,MAR_MUS,OPP_ONE,Hooker Field,Other,Demo League
156,2027-06-04,19:52:36,4,5,Mateo Cruz,1002,Left,MAR_MUS,"Lowe, Seth (OPP_ONE)",4008,Right,OPP_ONE,6,Top,1,1,2,Sinker,Sinker,BallCalled,Undefined,Undefined,Undefined,88.5,2190,5.63,-1.91,6.19,6.4,-11.3,2.13,1.38,,,,0,0,MAR_MUS,OPP_ONE,Hooker Field,Other,Demo League
157,2027-06-04,19:52:37,4,6,Mateo Cruz,1002,Left,MAR_MUS,"Lowe, Seth (OPP_ONE)",4008,Right,OPP_ONE,6,Top,1,2,2,Sinker,Sinker,FoulBallFieldable,Undefined,Undefined,Undefined,89.5,2091,5.88,-1.92,6.11,7.5,-17,2.18,-0.42,,,,0,0,MAR_MUS,OPP_ONE,Hooker Field,Other,Demo League
158,2027-06-04,19:52:38,4,7,Mateo Cruz,1002,Left,MAR_MUS,"Lowe, Seth (OPP_ONE)",4008,Right,OPP_ONE,6,Top,1,2,2,Sinker,Sinker,FoulBall,Undefined,Undefined,Undefined,89,2176,5.75,-1.88,6.16,8.9,-15.9,3.28,0.24,,,,0,0,MAR_MUS,OPP_ONE,Hooker Field,Other,Demo League
159,2027-06-04,19:53:39,4,8,Mateo Cruz,1002,Left,MAR_MUS,"Lowe, Seth (OPP_ONE)",4008,Right,OPP_ONE,6,Top,1,2,2,Undefined,Sinker,FoulBallNotFieldable,Undefined,Undefined,Undefined,87.9,2211,5.86,-2.04,6.14,3.5,-16,3.06,-0.57,,,,0,0,MAR_MUS,OPP_ONE,Hooker Field,Other,Demo League
160,2027-06-04,19:53:40,4,9,Mateo Cruz,1002,Left,MAR_MUS,"Lowe, Seth (OPP_ONE)",4008,Right,OPP_ONE,6,Top,1,2,2,Sinker,Sinker,BallCalled,Undefined,Undefined,Undefined,87.3,2197,5.89,-1.81,6.36,4.5,-14.5,2.25,0.99,,,,0,0,MAR_MUS,OPP_ONE,Hooker Field,Other,Demo League
161,2027-06-04,19:53:41,4,10,Mateo Cruz,1002,Left,MAR_MUS,"Lowe, Seth (OPP_ONE)",4008,Right,OPP_ONE,6,Top,1,3,2,Sinker,Sinker,InPlay,Undefined,GroundBall,Out,90.1,2168,5.73,-1.95,6.12,6.6,-15.1,2.78,0.56,69.6,-1.7,77,1,0,MAR_MUS,OPP_ONE,Hooker Field,Other,Demo League
162,2027-06-04,19:54:42,5,1,Mateo Cruz,1002,Left,MAR_MUS,"Kerr, Blake (OPP_ONE)",4009,Right,OPP_ONE,6,Top,2,0,0,Sweeper,Sweeper,StrikeCalled,Undefined,Undefined,Undefined,78.4,2541,5.69,-1.91,6.25,-0.2,15.3,2.79,-0.83,,,,0,0,MAR_MUS,OPP_ONE,Hooker Field,Other,Demo League
163,2027-06-04,19:54:43,5,2,Mateo Cruz,1002,Left,MAR_MUS,"Kerr, Blake (OPP_ONE)",4009,Right,OPP_ONE,6,Top,2,0,1,Sinker,Sinker,InPlay,Undefined,GroundBall,Single,90,2124,5.92,-1.95,6.26,8.4,-17.8,1.72,1.68,88.2,-21.9,97,0,1,MAR_MUS,OPP_ONE,Hooker Field,Other,Demo League
164,2027-06-04,19:54:44,6,1,Mateo Cruz,1002,Left,MAR_MUS,"Hayes, Ryan (OPP_ONE)",4001,Left,OPP_ONE,6,Top,2,0,0,Sweeper,Sweeper,BallCalled,Undefined,Undefined,Undefined,79.2,2616,5.63,-1.94,6.13,0.3,13.5,2.15,0.16,,,,0,0,MAR_MUS,OPP_ONE,Hooker Field,Other,Demo League
165,2027-06-04,19:55:45,6,2,Mateo Cruz,1002,Left,MAR_MUS,"Hayes, Ryan (OPP_ONE)",4001,Left,OPP_ONE,6,Top,2,1,0,Sinker,Sinker,BallCalled,Undefined,Undefined,Undefined,88.7,2207,5.77,-1.93,6.27,7.3,-15.5,2.89,0.95,,,,0,0,MAR_MUS,OPP_ONE,Hooker Field,Other,Demo League
166,2027-06-04,19:55:46,6,3,Mateo Cruz,1002,Left,MAR_MUS,"Hayes, Ryan (OPP_ONE)",4001,Left,OPP_ONE,6,Top,2,2,0,Sinker,Sinker,BallCalled,Undefined,Undefined,Undefined,88.8,2072,5.77,-1.97,6.12,3.5,-19,0.96,-1.17,,,,0,0,MAR_MUS,OPP_ONE,Hooker Field,Other,Demo League
167,2027-06-04,19:55:47,6,4,Mateo Cruz,1002,Left,MAR_MUS,"Hayes, Ryan (OPP_ONE)",4001,Left,OPP_ONE,6,Top,2,3,0,Sweeper,Sweeper,StrikeCalled,Undefined,Undefined,Undefined,80.2,2591,5.83,-1.88,6.17,-2,15.7,3.84,-0.94,,,,0,0,MAR_MUS,OPP_ONE,Hooker Field,Other,Demo League
168,2027-06-04,19:56:48,6,5,Mateo Cruz,1002,Left,MAR_MUS,"Hayes, Ryan (OPP_ONE)",4001,Left,OPP_ONE,6,Top,2,3,1,Changeup,Changeup,BallCalled,Walk,Undefined,Undefined,82.7,1607,5.92,-1.92,6.35,5.1,-12.4,2.16,1.42,,,,0,0,MAR_MUS,OPP_ONE,Hooker Field,Other,Demo League
169,2027-06-04,19:56:49,7,1,Mateo Cruz,1002,Left,MAR_MUS,"Knox, Aaron (OPP_ONE)",4002,Left,OPP_ONE,6,Top,2,0,0,Sweeper,Sweeper,BallCalled,Undefined,Undefined,Undefined,77.2,2570,5.79,-1.93,6.34,2,16.1,2.5,0.98,,,,0,0,MAR_MUS,OPP_ONE,Hooker Field,Other,Demo League
170,2027-06-04,19:56:50,7,2,Mateo Cruz,1002,Left,MAR_MUS,"Knox, Aaron (OPP_ONE)",4002,Left,OPP_ONE,6,Top,2,1,0,Sinker,Sinker,FoulBall,Undefined,Undefined,Undefined,89.1,2158,5.73,-1.88,6.42,7.6,-15.8,2.18,0.73,,,,0,0,MAR_MUS,OPP_ONE,Hooker Field,Other,Demo League
171,2027-06-04,19:57:51,7,3,Mateo Cruz,1002,Left,MAR_MUS,"Knox, Aaron (OPP_ONE)",4002,Left,OPP_ONE,6,Top,2,1,1,Changeup,Changeup,FoulBallNotFieldable,Undefined,Undefined,Undefined,81.8,1572,5.96,-1.9,6.12,5.9,-10.8,2,1.15,,,,0,0,MAR_MUS,OPP_ONE,Hooker Field,Other,Demo League
172,2027-06-04,19:57:52,7,4,Mateo Cruz,1002,Left,MAR_MUS,"Knox, Aaron (OPP_ONE)",4002,Left,OPP_ONE,6,Top,2,1,2,Sinker,Sinker,BallCalled,Undefined,Undefined,Undefined,89.9,2203,5.74,-1.99,6.52,6,-14.8,1.98,1.39,,,,0,0,MAR_MUS,OPP_ONE,Hooker Field,Other,Demo League
173,2027-06-04,19:57:53,7,5,Mateo Cruz,1002,Left,MAR_MUS,"Knox, Aaron (OPP_ONE)",4002,Left,OPP_ONE,6,Top,2,2,2,Sweeper,Sweeper,StrikeSwinging,Strikeout,Undefined,Undefined,80.1,2590,5.77,-1.91,6.21,-4.8,15.1,2.07,-1.14,,,,0,0,MAR_MUS,OPP_ONE,Hooker Field,Other,Demo League
174,2027-06-04,19:58:54,1,1,"Stone, Kade (OPP_ONE)",3001,Right,OPP_ONE,Drew Mabry,2004,Left,MAR_MUS,6,Bottom,0,0,0,Slider,Slider,BallCalled,Undefined,Undefined,Undefined,83.3,2435,5.68,1.99,6.15,4.7,-7.4,1.44,0.64,,,,0,0,MAR_MUS,OPP_ONE,Hooker Field,Other,Demo League
175,2027-06-04,19:58:55,1,2,"Stone, Kade (OPP_ONE)",3001,Right,OPP_ONE,Drew Mabry,2004,Left,MAR_MUS,6,Bottom,0,1,0,Slider,Slider,InPlay,Undefined,LineDrive,Single,82.8,2556,5.72,1.93,6.17,1.1,-5.7,2.35,0.5,84.6,13.4,172,0,0,MAR_MUS,OPP_ONE,Hooker Field,Other,Demo League
176,2027-06-04,19:58:56,2,1,"Stone, Kade (OPP_ONE)",3001,Right,OPP_ONE,Adrian Soto,2005,Right,MAR_MUS,6,Bottom,0,0,0,Fastball,Fastball,FoulBall,Undefined,Undefined,Undefined,92.1,2370,5.74,1.86,6,19.8,12.6,3.37,0.27,,,,0,0,MAR_MUS,OPP_ONE,Hooker Field,Other,Demo League
177,2027-06-04,19:59:57,2,2,"Stone, Kade (OPP_ONE)",3001,Right,OPP_ONE,Adrian Soto,2005,Right,MAR_MUS,6,Bottom,0,0,1,Slider,Slider,InPlay,Undefined,GroundBall,Out,84.9,2534,5.93,2,5.92,1.7,-7.5,2.48,-0.23,107,-21.7,118,1,0,MAR_MUS,OPP_ONE,Hooker Field,Other,Demo League
178,2027-06-04,19:59:58,3,1,"Stone, Kade (OPP_ONE)",3001,Right,OPP_ONE,Logan Frey,2006,Right,MAR_MUS,6,Bottom,1,0,0,Undefined,ChangeUp,BallCalled,Undefined,Undefined,Undefined,83.6,1759,5.79,2.05,6.15,5.5,15.7,2.33,-1.18,,,,0,0,MAR_MUS,OPP_ONE,Hooker Field,Other,Demo League
179,2027-06-04,19:59:59,3,2,"Stone, Kade (OPP_ONE)",3001,Right,OPP_ONE,Logan Frey,2006,Right,MAR_MUS,6,Bottom,1,1,0,ChangeUp,ChangeUp,InPlay,Undefined,FlyBall,Out,83.1,1904,5.64,1.75,6.38,8.1,17,2.77,-0.18,99.3,34.1,415,1,0,MAR_MUS,OPP_ONE,Hooker Field,Other,Demo League
180,2027-06-04,19:00:00,4,1,"Stone, Kade (OPP_ONE)",3001,Right,OPP_ONE,Carter Banks,2007,Left,MAR_MUS,6,Bottom,2,0,0,Fastball,Fastball,InPlay,Undefined,LineDrive,Out,90.3,2406,5.84,1.9,6.01,16.6,6.7,2.58,0.43,86.5,16.8,215,1,0,MAR_MUS,OPP_ONE,Hooker Field,Other,Demo League
181,2027-06-04,19:00:01,1,1,Mateo Cruz,1002,Left,MAR_MUS,"Vega, Luis (OPP_ONE)",4003,Right,OPP_ONE,7,Top,0,0,0,Sweeper,Sweeper,InPlay,Undefined,GroundBall,Out,78.9,2562,5.77,-1.87,6.07,0.2,14.2,2.09,0.15,91.8,-15.4,101,1,0,MAR_MUS,OPP_ONE,Hooker Field,Other,Demo League
182,2027-06-04,19:00:02,2,1,Mateo Cruz,1002,Left,MAR_MUS,"Holt, Mason (OPP_ONE)",4004,Right,OPP_ONE,7,Top,1,0,0,Sinker,Sinker,StrikeCalled,Undefined,Undefined,Undefined,91.4,2197,5.79,-1.8,6.1,8.6,-16.3,3.41,0.02,,,,0,0,MAR_MUS,OPP_ONE,Hooker Field,Other,Demo League
183,2027-06-04,19:01:03,2,2,Mateo Cruz,1002,Left,MAR_MUS,"Holt, Mason (OPP_ONE)",4004,Right,OPP_ONE,7,Top,1,0,1,Changeup,Changeup,FoulBallFieldable,Undefined,Undefined,Undefined,80.5,1653,5.63,-1.98,6.44,4.7,-14.1,2.26,-0.08,,,,0,0,MAR_MUS,OPP_ONE,Hooker Field,Other,Demo League
184,2027-06-04,19:01:04,2,3,Mateo Cruz,1002,Left,MAR_MUS,"Holt, Mason (OPP_ONE)",4004,Right,OPP_ONE,7,Top,1,0,2,Sinker,Sinker,BallCalled,Undefined,Undefined,Undefined,89.9,2132,5.72,-1.87,6.26,5.6,-19.1,0.71,0.19,,,,0,0,MAR_MUS,OPP_ONE,Hooker Field,Other,Demo League
185,2027-06-04,19:01:05,2,4,Mateo Cruz,1002,Left,MAR_MUS,"Holt, Mason (OPP_ONE)",4004,Right,OPP_ONE,7,Top,1,1,2,Sweeper,Sweeper,BallCalled,Undefined,Undefined,Undefined,79.3,2552,5.83,-2,6.39,-2.2,16,1.48,0.66,,,,0,0,MAR_MUS,OPP_ONE,Hooker Field,Other,Demo League
186,2027-06-04,19:02:06,2,5,Mateo Cruz,1002,Left,MAR_MUS,"Holt, Mason (OPP_ONE)",4004,Right,OPP_ONE,7,Top,1,2,2,Changeup,Changeup,InPlay,Undefined,GroundBall,Out,79.3,1709,5.79,-2.05,6.23,3,-15.1,2.56,-0.45,99.5,5.9,92,1,0,MAR_MUS,OPP_ONE,Hooker Field,Other,Demo League
187,2027-06-04,19:02:07,3,1,Mateo Cruz,1002,Left,MAR_MUS,"Diaz, Evan (OPP_ONE)",4005,Left,OPP_ONE,7,Top,2,0,0,Changeup,Changeup,BallCalled,Undefined,Undefined,Undefined,81.5,1673,5.85,-1.9,6.15,5,-11,3.93,-0.68,,,,0,0,MAR_MUS,OPP_ONE,Hooker Field,Other,Demo League
188,2027-06-04,19:02:08,3,2,Mateo Cruz,1002,Left,MAR_MUS,"Diaz, Evan (OPP_ONE)",4005,Left,OPP_ONE,7,Top,2,1,0,Changeup,Changeup,BallCalled,Undefined,Undefined,Undefined,79.5,1603,5.78,-1.99,6.29,5.2,-12.3,1.83,-0.94,,,,0,0,MAR_MUS,OPP_ONE,Hooker Field,Other,Demo League
189,2027-06-04,19:03:09,3,3,Mateo Cruz,1002,Left,MAR_MUS,"Diaz, Evan (OPP_ONE)",4005,Left,OPP_ONE,7,Top,2,2,0,Sinker,Sinker,BallCalled,Undefined,Undefined,Undefined,88.6,2232,5.87,-1.91,6.19,7.4,-16.9,3.55,0.39,,,,0,0,MAR_MUS,OPP_ONE,Hooker Field,Other,Demo League
190,2027-06-04,19:03:10,3,4,Mateo Cruz,1002,Left,MAR_MUS,"Diaz, Evan (OPP_ONE)",4005,Left,OPP_ONE,7,Top,2,3,0,Changeup,Changeup,StrikeCalled,Undefined,Undefined,Undefined,82.3,1713,5.76,-1.91,6.26,3.7,-9.2,2.14,-1.31,,,,0,0,MAR_MUS,OPP_ONE,Hooker Field,Other,Demo League
191,2027-06-04,19:03:11,3,5,Mateo Cruz,1002,Left,MAR_MUS,"Diaz, Evan (OPP_ONE)",4005,Left,OPP_ONE,7,Top,2,3,1,Sinker,Sinker,StrikeSwinging,Undefined,Undefined,Undefined,89,2123,5.69,-2.01,6.08,5.6,-16.9,1.74,-0.33,,,,0,0,MAR_MUS,OPP_ONE,Hooker Field,Other,Demo League
192,2027-06-04,19:04:12,3,6,Mateo Cruz,1002,Left,MAR_MUS,"Diaz, Evan (OPP_ONE)",4005,Left,OPP_ONE,7,Top,2,3,2,Changeup,Changeup,StrikeCalled,Strikeout,Undefined,Undefined,80,1559,5.79,-1.96,6.03,10.2,-13.3,2.4,0.36,,,,0,0,MAR_MUS,OPP_ONE,Hooker Field,Other,Demo League
193,2027-06-04,19:04:13,1,1,"Pratt, Cole (OPP_ONE)",3002,Left,OPP_ONE,Micah Ward,2008,Right,MAR_MUS,7,Bottom,0,0,0,Fastball,Fastball,StrikeCalled,Undefined,Undefined,Undefined,88.2,2187,5.65,-1.76,6.37,15.3,-7.1,3.28,0.2,,,,0,0,MAR_MUS,OPP_ONE,Hooker Field,Other,Demo League
194,2027-06-04,19:04:14,1,2,"Pratt, Cole (OPP_ONE)",3002,Left,OPP_ONE,Micah Ward,2008,Right,MAR_MUS,7,Bottom,0,0,1,Splitter,Splitter,FoulBallNotFieldable,Undefined,Undefined,Undefined,80.7,1239,5.79,-2,6.22,2.2,-8.6,3.49,0.48,,,,0,0,MAR_MUS,OPP_ONE,Hooker Field,Other,Demo League
195,2027-06-04,19:05:15,1,3,"Pratt, Cole (OPP_ONE)",3002,Left,OPP_ONE,Micah Ward,2008,Right,MAR_MUS,7,Bottom,0,0,2,Curveball,Curveball,BallCalled,Undefined,Undefined,Undefined,72.8,2700,5.79,-1.79,6.18,-11.6,7.8,0.95,-0.25,,,,0,0,MAR_MUS,OPP_ONE,Hooker Field,Other,Demo League
196,2027-06-04,19:05:16,1,4,"Pratt, Cole (OPP_ONE)",3002,Left,OPP_ONE,Micah Ward,2008,Right,MAR_MUS,7,Bottom,0,1,2,Curveball,Curveball,InPlay,Undefined,GroundBall,Single,74.6,2669,5.58,-1.98,6.16,-13.3,10.5,2.52,0.15,102.7,1.5,113,0,0,MAR_MUS,OPP_ONE,Hooker Field,Other,Demo League
197,2027-06-04,19:05:17,2,1,"Pratt, Cole (OPP_ONE)",3002,Left,OPP_ONE,Dylan Ortiz,2009,Left,MAR_MUS,7,Bottom,0,0,0,Fastball,Fastball,BallCalled,Undefined,Undefined,Undefined,87.1,2211,5.71,-1.89,6.31,16.5,-2.2,1.88,0.93,,,,0,0,MAR_MUS,OPP_ONE,Hooker Field,Other,Demo League
198,2027-06-04,19:06:18,2,2,"Pratt, Cole (OPP_ONE)",3002,Left,OPP_ONE,Dylan Ortiz,2009,Left,MAR_MUS,7,Bottom,0,1,0,Curveball,Curveball,StrikeSwinging,Undefined,Undefined,Undefined,73.8,2554,5.64,-1.91,6.03,-11.3,9.3,3.09,-0.22,,,,0,0,MAR_MUS,OPP_ONE,Hooker Field,Other,Demo League
199,2027-06-04,19:06:19,2,3,"Pratt, Cole (OPP_ONE)",3002,Left,OPP_ONE,Dylan Ortiz,2009,Left,MAR_MUS,7,Bottom,0,1,1,Fastball,Fastball,BallCalled,Undefined,Undefined,Undefined,86.7,2155,5.81,-1.98,6.26,14.2,-6.9,0.02,-0.71,,,,0,0,MAR_MUS,OPP_ONE,Hooker Field,Other,Demo League
200,2027-06-04,19:06:20,2,4,"Pratt, Cole (OPP_ONE)",3002,Left,OPP_ONE,Dylan Ortiz,2009,Left,MAR_MUS,7,Bottom,0,2,1,Splitter,Splitter,StrikeCalled,Undefined,Undefined,Undefined,79.1,1285,5.69,-1.91,6.19,1.8,-8.3,1.73,-0.28,,,,0,0,MAR_MUS,OPP_ONE,Hooker Field,Other,Demo League
201,2027-06-04,19:07:21,2,5,"Pratt, Cole (OPP_ONE)",3002,Left,OPP_ONE,Dylan Ortiz,2009,Left,MAR_MUS,7,Bottom,0,2,2,Fastball,Fastball,BallCalled,Undefined,Undefined,Undefined,86.3,2244,5.88,-1.87,6.17,15,-7,2.14,-1.12,,,,0,0,MAR_MUS,OPP_ONE,Hooker Field,Other,Demo League
202,2027-06-04,19:07:22,2,6,"Pratt, Cole (OPP_ONE)",3002,Left,OPP_ONE,Dylan Ortiz,2009,Left,MAR_MUS,7,Bottom,0,3,2,Cutter,Cutter,StrikeCalled,Strikeout,Undefined,Undefined,81.6,2449,5.79,-1.74,6.34,10.3,-0,2,0.57,,,,0,0,MAR_MUS,OPP_ONE,Hooker Field,Other,Demo League
203,2027-06-04,19:07:23,3,1,"Pratt, Cole (OPP_ONE)",3002,Left,OPP_ONE,Nico Reyes,2001,Right,MAR_MUS,7,Bottom,1,0,0,Curveball,Curveball,BallCalled,Undefined,Undefined,Undefined,76.2,2638,5.91,-1.82,6.22,-10.6,7.6,2.64,1.51,,,,0,0,MAR_MUS,OPP_ONE,Hooker Field,Other,Demo League
204,2027-06-04,19:08:24,3,2,"Pratt, Cole (OPP_ONE)",3002,Left,OPP_ONE,Nico Reyes,2001,Right,MAR_MUS,7,Bottom,1,1,0,Fastball,Fastball,InPlay,Undefined,GroundBall,Single,86.2,2238,5.82,-1.91,6.36,14.4,-4.4,2.26,0.51,88.4,-28.6,97,0,0,MAR_MUS,OPP_ONE,Hooker Field,Other,Demo League
205,2027-06-04,19:08:25,4,1,"Pratt, Cole (OPP_ONE)",3002,Left,OPP_ONE,Jace Hollis,2002,Right,MAR_MUS,7,Bottom,1,0,0,Fastball,Fastball,StrikeSwinging,Undefined,Undefined,Undefined,88.2,2116,5.74,-1.86,6.25,15.2,-7.4,2.4,1.55,,,,0,0,MAR_MUS,OPP_ONE,Hooker Field,Other,Demo League
206,2027-06-04,19:08:26,4,2,"Pratt, Cole (OPP_ONE)",3002,Left,OPP_ONE,Jace Hollis,2002,Right,MAR_MUS,7,Bottom,1,0,1,Fastball,Fastball,BallCalled,Undefined,Undefined,Undefined,87.8,2272,5.83,-2.02,5.96,14.6,-8.5,2.12,1.55,,,,0,0,MAR_MUS,OPP_ONE,Hooker Field,Other,Demo League
207,2027-06-04,19:09:27,4,3,"Pratt, Cole (OPP_ONE)",3002,Left,OPP_ONE,Jace Hollis,2002,Right,MAR_MUS,7,Bottom,1,1,1,Cutter,Cutter,StrikeSwinging,Undefined,Undefined,Undefined,82.8,2379,5.87,-1.93,6.07,12,0.5,2.75,0.45,,,,0,0,MAR_MUS,OPP_ONE,Hooker Field,Other,Demo League
208,2027-06-04,19:09:28,4,4,"Pratt, Cole (OPP_ONE)",3002,Left,OPP_ONE,Jace Hollis,2002,Right,MAR_MUS,7,Bottom,1,1,2,Fastball,Fastball,BallCalled,Undefined,Undefined,Undefined,88.5,2274,5.78,-1.91,6.19,15.4,-8.5,3.19,-0.3,,,,0,0,MAR_MUS,OPP_ONE,Hooker Field,Other,Demo League
209,2027-06-04,19:09:29,4,5,"Pratt, Cole (OPP_ONE)",3002,Left,OPP_ONE,Jace Hollis,2002,Right,MAR_MUS,7,Bottom,1,2,2,Cutter,Cutter,StrikeSwinging,Strikeout,Undefined,Undefined,82.9,2501,5.79,-1.85,6.09,12,0.3,2.26,0.48,,,,0,0,MAR_MUS,OPP_ONE,Hooker Field,Other,Demo League
210,2027-06-04,19:10:30,5,1,"Pratt, Cole (OPP_ONE)",3002,Left,OPP_ONE,Tyler Moss,2003,Right,MAR_MUS,7,Bottom,2,0,0,Curveball,Curveball,StrikeCalled,Undefined,Undefined,Undefined,76.1,2740,5.79,-1.89,6,-9.4,8.7,2.51,0.05,,,,0,0,MAR_MUS,OPP_ONE,Hooker Field,Other,Demo League
211,2027-06-04,19:10:31,5,2,"Pratt, Cole (OPP_ONE)",3002,Left,OPP_ONE,Tyler Moss,2003,Right,MAR_MUS,7,Bottom,2,0,1,Cutter,Cutter,BallCalled,Undefined,Undefined,Undefined,83.1,2376,5.8,-1.98,6.08,7.9,-0.4,0.97,-0.07,,,,0,0,MAR_MUS,OPP_ONE,Hooker Field,Other,Demo League
212,2027-06-04,19:10:32,5,3,"Pratt, Cole (OPP_ONE)",3002,Left,OPP_ONE,Tyler Moss,2003,Right,MAR_MUS,7,Bottom,2,1,1,Splitter,Splitter,FoulBall,Undefined,Undefined,Undefined,80.3,1212,5.92,-1.9,6.32,5.5,-6.6,2.33,0.4,,,,0,0,MAR_MUS,OPP_ONE,Hooker Field,Other,Demo League
213,2027-06-04,19:11:33,5,4,"Pratt, Cole (OPP_ONE)",3002,Left,OPP_ONE,Tyler Moss,2003,Right,MAR_MUS,7,Bottom,2,1,2,Fastball,Fastball,StrikeCalled,Strikeout,Undefined,Undefined,86.3,2230,5.64,-1.99,6.11,14.5,-7,2.44,-0.05,,,,0,0,MAR_MUS,OPP_ONE,Hooker Field,Other,Demo League
214,2027-06-04,19:11:34,1,1,Owen Lind,1003,Right,MAR_MUS,"Rowe, Chase (OPP_ONE)",4006,Right,OPP_ONE,8,Top,0,0,0,Fastball,Fastball,StrikeSwinging,Undefined,Undefined,Undefined,86.9,2233,5.93,1.94,6.32,18.7,6.8,2.05,-0.64,,,,0,0,MAR_MUS,OPP_ONE,Hooker Field,Other,Demo League
215,2027-06-04,19:11:35,1,2,Owen Lind,1003,Right,MAR_MUS,"Rowe, Chase (OPP_ONE)",4006,Right,OPP_ONE,8,Top,0,0,1,Cutter,Cutter,StrikeSwinging,Undefined,Undefined,Undefined,82.5,2392,5.91,1.88,6.13,8.5,-3.1,2.86,0.32,,,,0,0,MAR_MUS,OPP_ONE,Hooker Field,Other,Demo League
216,2027-06-04,19:12:36,1,3,Owen Lind,1003,Right,MAR_MUS,"Rowe, Chase (OPP_ONE)",4006,Right,OPP_ONE,8,Top,0,0,2,Undefined,Fastball,StrikeCalled,Strikeout,Undefined,Undefined,88.2,2230,5.83,1.9,6.3,18,4.8,2.31,0.77,,,,0,0,MAR_MUS,OPP_ONE,Hooker Field,Other,Demo League
217,2027-06-04,19:12:37,2,1,Owen Lind,1003,Right,MAR_MUS,"Nash, Wyatt (OPP_ONE)",4007,Right,OPP_ONE,8,Top,1,0,0,Fastball,Fastball,FoulBallNotFieldable,Undefined,Undefined,Undefined,86.2,2134,5.76,1.86,6.13,15.1,4.5,2.69,-0.09,,,,0,0,MAR_MUS,OPP_ONE,Hooker Field,Other,Demo League
218,2027-06-04,19:12:38,2,2,Owen Lind,1003,Right,MAR_MUS,"Nash, Wyatt (OPP_ONE)",4007,Right,OPP_ONE,8,Top,1,0,1,Curveball,Curveball,BallCalled,Undefined,Undefined,Undefined,71.8,2641,5.84,2.03,6.26,-12,-5.2,1.14,1.3,,,,0,0,MAR_MUS,OPP_ONE,Hooker Field,Other,Demo League
219,2027-06-04,19:13:39,2,3,Owen Lind,1003,Right,MAR_MUS,"Nash, Wyatt (OPP_ONE)",4007,Right,OPP_ONE,8,Top,1,1,1,Fastball,Fastball,BallCalled,Undefined,Undefined,Undefined,87.1,2192,5.81,2,6,14.4,5.7,2.36,-1,,,,0,0,MAR_MUS,OPP_ONE,Hooker Field,Other,Demo League
220,2027-06-04,19:13:40,2,4,Owen Lind,1003,Right,MAR_MUS,"Nash, Wyatt (OPP_ONE)",4007,Right,OPP_ONE,8,Top,1,2,1,Cutter,Cutter,StrikeCalled,Undefined,Undefined,Undefined,83,2362,5.8,1.9,6.11,10.3,-2.5,3.32,-0.29,,,,0,0,MAR_MUS,OPP_ONE,Hooker Field,Other,Demo League
221,2027-06-04,19:13:41,2,5,Owen Lind,1003,Right,MAR_MUS,"Nash, Wyatt (OPP_ONE)",4007,Right,OPP_ONE,8,Top,1,2,2,Curveball,Curveball,StrikeSwinging,Strikeout,Undefined,Undefined,72.5,2608,5.69,1.88,6.27,-12.6,-8.4,1.9,-0.33,,,,0,0,MAR_MUS,OPP_ONE,Hooker Field,Other,Demo League
222,2027-06-04,19:14:42,3,1,Owen Lind,1003,Right,MAR_MUS,"Lowe, Seth (OPP_ONE)",4008,Right,OPP_ONE,8,Top,2,0,0,Curveball,Curveball,BallCalled,Undefined,Undefined,Undefined,73.9,2649,5.77,1.94,5.94,-9.8,-6,1.2,-0.12,,,,0,0,MAR_MUS,OPP_ONE,Hooker Field,Other,Demo League
223,2027-06-04,19:14:43,3,2,Owen Lind,1003,Right,MAR_MUS,"Lowe, Seth (OPP_ONE)",4008,Right,OPP_ONE,8,Top,2,1,0,Curveball,Curveball,BallCalled,Undefined,Undefined,Undefined,74.6,2703,5.79,1.94,5.96,-13.7,-5.7,3.57,-0.6,,,,0,0,MAR_MUS,OPP_ONE,Hooker Field,Other,Demo League
224,2027-06-04,19:14:44,3,3,Owen Lind,1003,Right,MAR_MUS,"Lowe, Seth (OPP_ONE)",4008,Right,OPP_ONE,8,Top,2,2,0,Splitter,Splitter,StrikeCalled,Undefined,Undefined,Undefined,80.3,1311,5.75,1.89,6.05,-0.1,7.4,2.96,0.07,,,,0,0,MAR_MUS,OPP_ONE,Hooker Field,Other,Demo League
225,2027-06-04,19:15:45,3,4,Owen Lind,1003,Right,MAR_MUS,"Lowe, Seth (OPP_ONE)",4008,Right,OPP_ONE,8,Top,2,2,1,Splitter,Splitter,StrikeCalled,Undefined,Undefined,Undefined,81.2,1208,5.63,1.67,6.33,6.8,8.2,2.15,0.07,,,,0,0,MAR_MUS,OPP_ONE,Hooker Field,Other,Demo League
226,2027-06-04,19:15:46,3,5,Owen Lind,1003,Right,MAR_MUS,"Lowe, Seth (OPP_ONE)",4008,Right,OPP_ONE,8,Top,2,2,2,Fastball,Fastball,StrikeCalled,Strikeout,Undefined,Undefined,86.6,2189,5.77,1.87,6.23,17.7,7.8,2.14,0.02,,,,0,0,MAR_MUS,OPP_ONE,Hooker Field,Other,Demo League
227,2027-06-04,19:15:47,1,1,"Pratt, Cole (OPP_ONE)",3002,Left,OPP_ONE,Drew Mabry,2004,Left,MAR_MUS,8,Bottom,0,0,0,Fastball,Fastball,StrikeCalled,Undefined,Undefined,Undefined,85.1,2293,5.84,-1.96,6.16,11.9,-7,2.35,-0.83,,,,0,0,MAR_MUS,OPP_ONE,Hooker Field,Other,Demo League
228,2027-06-04,19:16:48,1,2,"Pratt, Cole (OPP_ONE)",3002,Left,OPP_ONE,Drew Mabry,2004,Left,MAR_MUS,8,Bottom,0,0,1,Fastball,Fastball,StrikeCalled,Undefined,Undefined,Undefined,85.7,2251,5.91,-2.05,6.17,15.3,-5.6,1.74,0.24,,,,0,0,MAR_MUS,OPP_ONE,Hooker Field,Other,Demo League
229,2027-06-04,19:16:49,1,3,"Pratt, Cole (OPP_ONE)",3002,Left,OPP_ONE,Drew Mabry,2004,Left,MAR_MUS,8,Bottom,0,0,2,Curveball,Curveball,BallCalled,Undefined,Undefined,Undefined,73.5,2695,5.82,-1.88,6.25,-12.5,10.5,2.3,-1.31,,,,0,0,MAR_MUS,OPP_ONE,Hooker Field,Other,Demo League
230,2027-06-04,19:16:50,1,4,"Pratt, Cole (OPP_ONE)",3002,Left,OPP_ONE,Drew Mabry,2004,Left,MAR_MUS,8,Bottom,0,1,2,Fastball,Fastball,InPlay,Undefined,LineDrive,Out,86.6,2079,5.77,-1.98,6.04,15.3,-6,1.76,-0.75,94.2,17.2,239,1,0,MAR_MUS,OPP_ONE,Hooker Field,Other,Demo League
231,2027-06-04,19:17:51,2,1,"Pratt, Cole (OPP_ONE)",3002,Left,OPP_ONE,Adrian Soto,2005,Right,MAR_MUS,8,Bottom,1,0,0,Fastball,Fastball,BallCalled,Undefined,Undefined,Undefined,86.3,2185,5.82,-1.9,6.58,16.6,-10.4,2.14,0.98,,,,0,0,MAR_MUS,OPP_ONE,Hooker Field,Other,Demo League
232,2027-06-04,19:17:52,2,2,"Pratt, Cole (OPP_ONE)",3002,Left,OPP_ONE,Adrian Soto,2005,Right,MAR_MUS,8,Bottom,1,1,0,Curveball,Curveball,StrikeCalled,Undefined,Undefined,Undefined,72.8,2690,5.85,-1.99,6.47,-13.4,7.6,2.08,-0.64,,,,0,0,MAR_MUS,OPP_ONE,Hooker Field,Other,Demo League
233,2027-06-04,19:17:53,2,3,"Pratt, Cole (OPP_ONE)",3002,Left,OPP_ONE,Adrian Soto,2005,Right,MAR_MUS,8,Bottom,1,1,1,Fastball,Fastball,StrikeSwinging,Undefined,Undefined,Undefined,85.9,2285,5.92,-1.81,6.16,13.8,-7.6,3.59,-0.94,,,,0,0,MAR_MUS,OPP_ONE,Hooker Field,Other,Demo League
234,2027-06-04,19:18:54,2,4,"Pratt, Cole (OPP_ONE)",3002,Left,OPP_ONE,Adrian Soto,2005,Right,MAR_MUS,8,Bottom,1,1,2,Curveball,Curveball,InPlay,Undefined,GroundBall,Single,73.1,2680,5.91,-2.01,6.41,-12.6,5.5,2.21,0.83,84.2,2.2,93,0,0,MAR_MUS,OPP_ONE,Hooker Field,Other,Demo League
235,2027-06-04,19:18:55,3,1,"Pratt, Cole (OPP_ONE)",3002,Left,OPP_ONE,Logan Frey,2006,Right,MAR_MUS,8,Bottom,1,0,0,Fastball,Fastball,StrikeSwinging,Undefined,Undefined,Undefined,88.7,2089,5.9,-1.97,6.13,16,-6.3,2.54,1.44,,,,0,0,MAR_MUS,OPP_ONE,Hooker Field,Other,Demo League
236,2027-06-04,19:18:56,3,2,"Pratt, Cole (OPP_ONE)",3002,Left,OPP_ONE,Logan Frey,2006,Right,MAR_MUS,8,Bottom,1,0,1,Fastball,Fastball,FoulBall,Undefined,Undefined,Undefined,84.8,2221,5.78,-1.72,6.18,16.1,-8.3,2.44,-0.43,,,,0,0,MAR_MUS,OPP_ONE,Hooker Field,Other,Demo League
237,2027-06-04,19:19:57,3,3,"Pratt, Cole (OPP_ONE)",3002,Left,OPP_ONE,Logan Frey,2006,Right,MAR_MUS,8,Bottom,1,0,2,Splitter,Splitter,BallCalled,Undefined,Undefined,Undefined,78.8,1345,5.78,-1.94,6.51,7,-9,1.83,-1.78,,,,0,0,MAR_MUS,OPP_ONE,Hooker Field,Other,Demo League
238,2027-06-04,19:19:58,3,4,"Pratt, Cole (OPP_ONE)",3002,Left,OPP_ONE,Logan Frey,2006,Right,MAR_MUS,8,Bottom,1,1,2,Curveball,Curveball,InPlay,Undefined,GroundBall,Double,74.8,2636,5.81,-1.88,6.42,-13.3,5.7,1.23,-0.76,106.7,-6.3,117,0,1,MAR_MUS,OPP_ONE,Hooker Field,Other,Demo League
239,2027-06-04,19:19:59,4,1,"Pratt, Cole (OPP_ONE)",3002,Left,OPP_ONE,Carter Banks,2007,Left,MAR_MUS,8,Bottom,1,0,0,Cutter,Cutter,HitByPitch,Undefined,Undefined,Undefined,84.9,2351,5.63,-1.99,6.3,9.8,2.5,2.46,-0.6,,,,0,0,MAR_MUS,OPP_ONE,Hooker Field,Other,Demo League
240,2027-06-04,19:20:00,5,1,"Pratt, Cole (OPP_ONE)",3002,Left,OPP_ONE,Micah Ward,2008,Right,MAR_MUS,8,Bottom,1,0,0,Splitter,Splitter,BallCalled,Undefined,Undefined,Undefined,79.9,1310,5.83,-2.01,6.21,3.1,-9.2,1.36,-0.13,,,,0,0,MAR_MUS,OPP_ONE,Hooker Field,Other,Demo League
241,2027-06-04,19:20:01,5,2,"Pratt, Cole (OPP_ONE)",3002,Left,OPP_ONE,Micah Ward,2008,Right,MAR_MUS,8,Bottom,1,1,0,Splitter,Splitter,StrikeCalled,Undefined,Undefined,Undefined,80.3,1242,5.7,-1.92,6.22,-0.3,-10.2,1.6,-0.3,,,,0,0,MAR_MUS,OPP_ONE,Hooker Field,Other,Demo League
242,2027-06-04,19:20:02,5,3,"Pratt, Cole (OPP_ONE)",3002,Left,OPP_ONE,Micah Ward,2008,Right,MAR_MUS,8,Bottom,1,1,1,Cutter,Cutter,StrikeCalled,Undefined,Undefined,Undefined,83.7,2400,5.78,-1.98,6.18,6.9,-1.3,2.72,-0.28,,,,0,0,MAR_MUS,OPP_ONE,Hooker Field,Other,Demo League
243,2027-06-04,19:21:03,5,4,"Pratt, Cole (OPP_ONE)",3002,Left,OPP_ONE,Micah Ward,2008,Right,MAR_MUS,8,Bottom,1,1,2,Undefined,Curveball,FoulBall,Undefined,Undefined,Undefined,75.8,2768,5.92,-1.79,6.57,-13.5,9.4,2.85,0.43,,,,0,0,MAR_MUS,OPP_ONE,Hooker Field,Other,Demo League
244,2027-06-04,19:21:04,5,5,"Pratt, Cole (OPP_ONE)",3002,Left,OPP_ONE,Micah Ward,2008,Right,MAR_MUS,8,Bottom,1,1,2,Cutter,Cutter,FoulBall,Undefined,Undefined,Undefined,81.3,2361,5.56,-1.84,5.87,9.6,-0.4,1.6,-0.14,,,,0,0,MAR_MUS,OPP_ONE,Hooker Field,Other,Demo League
245,2027-06-04,19:21:05,5,6,"Pratt, Cole (OPP_ONE)",3002,Left,OPP_ONE,Micah Ward,2008,Right,MAR_MUS,8,Bottom,1,1,2,Cutter,Cutter,BallCalled,Undefined,Undefined,Undefined,84,2422,5.77,-1.85,6.05,9.5,2.7,1.18,0.58,,,,0,0,MAR_MUS,OPP_ONE,Hooker Field,Other,Demo League
246,2027-06-04,19:22:06,5,7,"Pratt, Cole (OPP_ONE)",3002,Left,OPP_ONE,Micah Ward,2008,Right,MAR_MUS,8,Bottom,1,2,2,Cutter,Cutter,InPlay,Undefined,FlyBall,Out,85.2,2412,5.58,-1.83,6.1,11.4,0.4,1.96,0.73,75.1,43.5,337,1,0,MAR_MUS,OPP_ONE,Hooker Field,Other,Demo League
247,2027-06-04,19:22:07,6,1,"Pratt, Cole (OPP_ONE)",3002,Left,OPP_ONE,Dylan Ortiz,2009,Left,MAR_MUS,8,Bottom,2,0,0,Fastball,Fastball,FoulBall,Undefined,Undefined,Undefined,85.8,2324,5.92,-1.9,5.94,15.6,-6.5,3.17,-0.46,,,,0,0,MAR_MUS,OPP_ONE,Hooker Field,Other,Demo League
248,2027-06-04,19:22:08,6,2,"Pratt, Cole (OPP_ONE)",3002,Left,OPP_ONE,Dylan Ortiz,2009,Left,MAR_MUS,8,Bottom,2,0,1,Fastball,Fastball,BallCalled,Undefined,Undefined,Undefined,86.3,2270,5.73,-1.81,6.22,16.6,-5.4,3.93,-0.17,,,,0,0,MAR_MUS,OPP_ONE,Hooker Field,Other,Demo League
249,2027-06-04,19:23:09,6,3,"Pratt, Cole (OPP_ONE)",3002,Left,OPP_ONE,Dylan Ortiz,2009,Left,MAR_MUS,8,Bottom,2,1,1,Fastball,Fastball,InPlay,Undefined,GroundBall,Out,86.4,2280,5.88,-1.98,5.78,15.4,-6.5,0.98,0.14,112.6,-23.5,124,1,0,MAR_MUS,OPP_ONE,Hooker Field,Other,Demo League
250,2027-06-04,19:23:10,1,1,Owen Lind,1003,Right,MAR_MUS,"Kerr, Blake (OPP_ONE)",4009,Right,OPP_ONE,9,Top,0,0,0,Cutter,Cutter,BallCalled,Undefined,Undefined,Undefined,84.5,2353,5.79,1.77,6.45,8,-2.8,2.91,-1.33,,,,0,0,MAR_MUS,OPP_ONE,Hooker Field,Other,Demo League
251,2027-06-04,19:23:11,1,2,Owen Lind,1003,Right,MAR_MUS,"Kerr, Blake (OPP_ONE)",4009,Right,OPP_ONE,9,Top,0,1,0,Curveball,Curveball,InPlay,Undefined,LineDrive,Out,73.1,2539,5.75,1.91,6.01,-12.1,-9.6,2.39,1,88.3,21.9,275,1,0,MAR_MUS,OPP_ONE,Hooker Field,Other,Demo League
252,2027-06-04,19:24:12,2,1,Owen Lind,1003,Right,MAR_MUS,"Hayes, Ryan (OPP_ONE)",4001,Left,OPP_ONE,9,Top,1,0,0,Cutter,Cutter,StrikeCalled,Undefined,Undefined,Undefined,82.3,2478,5.83,1.89,5.94,11.4,-0.5,3.23,0.02,,,,0,0,MAR_MUS,OPP_ONE,Hooker Field,Other,Demo League
253,2027-06-04,19:24:13,2,2,Owen Lind,1003,Right,MAR_MUS,"Hayes, Ryan (OPP_ONE)",4001,Left,OPP_ONE,9,Top,1,0,1,Fastball,Fastball,InPlay,Undefined,GroundBall,Out,90.2,2174,5.77,1.94,6.1,13.9,5.8,2.73,0.39,95.9,-21.1,105,1,0,MAR_MUS,OPP_ONE,Hooker Field,Other,Demo League
254,2027-06-04,19:24:14,3,1,Owen Lind,1003,Right,MAR_MUS,"Knox, Aaron (OPP_ONE)",4002,Left,OPP_ONE,9,Top,2,0,0,Fastball,Fastball,BallCalled,Undefined,Undefined,Undefined,86.5,2148,5.85,1.97,6.12,12.9,4.4,3.68,0.74,,,,0,0,MAR_MUS,OPP_ONE,Hooker Field,Other,Demo League
255,2027-06-04,19:25:15,3,2,Owen Lind,1003,Right,MAR_MUS,"Knox, Aaron (OPP_ONE)",4002,Left,OPP_ONE,9,Top,2,1,0,Fastball,Fastball,InPlay,Undefined,FlyBall,Out,89.2,2248,5.6,1.83,6.27,14.4,7.3,2.42,1.38,70.5,31.6,283,1,0,MAR_MUS,OPP_ONE,Hooker Field,Other,Demo League
256,2027-06-04,19:25:16,1,1,"Pratt, Cole (OPP_ONE)",3002,Left,OPP_ONE,Nico Reyes,2001,Right,MAR_MUS,9,Bottom,0,0,0,Splitter,Splitter,InPlay,Undefined,LineDrive,Out,79.3,1180,5.85,-1.77,5.95,5.4,-7.6,2.09,0.68,88.8,21,267,1,0,MAR_MUS,OPP_ONE,Hooker Field,Other,Demo League
257,2027-06-04,19:25:17,2,1,"Pratt, Cole (OPP_ONE)",3002,Left,OPP_ONE,Jace Hollis,2002,Right,MAR_MUS,9,Bottom,1,0,0,Cutter,Cutter,StrikeCalled,Undefined,Undefined,Undefined,82.2,2473,5.87,-1.84,6.28,9.6,1.4,2.47,0.76,,,,0,0,MAR_MUS,OPP_ONE,Hooker Field,Other,Demo League
258,2027-06-04,19:26:18,2,2,"Pratt, Cole (OPP_ONE)",3002,Left,OPP_ONE,Jace Hollis,2002,Right,MAR_MUS,9,Bottom,1,0,1,Curveball,Curveball,StrikeCalled,Undefined,Undefined,Undefined,73.4,2651,5.81,-1.9,6.11,-11.1,9.2,1.95,0.34,,,,0,0,MAR_MUS,OPP_ONE,Hooker Field,Other,Demo League
259,2027-06-04,19:26:19,2,3,"Pratt, Cole (OPP_ONE)",3002,Left,OPP_ONE,Jace Hollis,2002,Right,MAR_MUS,9,Bottom,1,0,2,Fastball,Fastball,FoulBallNotFieldable,Undefined,Undefined,Undefined,87.2,2189,5.72,-1.77,6.24,18.9,-9.8,2.55,-0.02,,,,0,0,MAR_MUS,OPP_ONE,Hooker Field,Other,Demo League
260,2027-06-04,19:26:20,2,4,"Pratt, Cole (OPP_ONE)",3002,Left,OPP_ONE,Jace Hollis,2002,Right,MAR_MUS,9,Bottom,1,0,2,Fastball,Fastball,StrikeCalled,Strikeout,Undefined,Undefined,88.1,2188,5.78,-1.96,6.36,16.3,-10.1,2.89,0.1,,,,0,0,MAR_MUS,OPP_ONE,Hooker Field,Other,Demo League
261,2027-06-04,19:27:21,3,1,"Pratt, Cole (OPP_ONE)",3002,Left,OPP_ONE,Tyler Moss,2003,Right,MAR_MUS,9,Bottom,2,0,0,Fastball,Fastball,StrikeCalled,Undefined,Undefined,Undefined,87.5,2244,5.76,-1.91,6.27,17.7,-7.2,2.88,1.12,,,,0,0,MAR_MUS,OPP_ONE,Hooker Field,Other,Demo League
262,2027-06-04,19:27:22,3,2,"Pratt, Cole (OPP_ONE)",3002,Left,OPP_ONE,Tyler Moss,2003,Right,MAR_MUS,9,Bottom,2,0,1,Cutter,Cutter,FoulBallNotFieldable,Undefined,Undefined,Undefined,83.5,2328,5.83,-1.88,6.1,9.6,0.1,2.16,0.29,,,,0,0,MAR_MUS,OPP_ONE,Hooker Field,Other,Demo League
263,2027-06-04,19:27:23,3,3,"Pratt, Cole (OPP_ONE)",3002,Left,OPP_ONE,Tyler Moss,2003,Right,MAR_MUS,9,Bottom,2,0,2,Splitter,Splitter,InPlay,Undefined,LineDrive,Double,79.6,1273,5.72,-1.92,6.43,0.9,-7.2,2.16,0.15,105.1,10.3,166,0,1,MAR_MUS,OPP_ONE,Hooker Field,Other,Demo League
264,2027-06-04,19:28:24,4,1,"Pratt, Cole (OPP_ONE)",3002,Left,OPP_ONE,Drew Mabry,2004,Left,MAR_MUS,9,Bottom,2,0,0,Splitter,Splitter,InPlay,Undefined,FlyBall,HomeRun,80.4,1293,5.76,-1.9,6.07,5.2,-10,3.32,-0.08,102.9,31.4,412,0,2,MAR_MUS,OPP_ONE,Hooker Field,Other,Demo League
265,2027-06-04,19:28:25,5,1,"Pratt, Cole (OPP_ONE)",3002,Left,OPP_ONE,Adrian Soto,2005,Right,MAR_MUS,9,Bottom,2,0,0,Splitter,Splitter,StrikeCalled,Undefined,Undefined,Undefined,76.3,1291,5.8,-1.83,6,3.6,-9.7,2.36,0.24,,,,0,0,MAR_MUS,OPP_ONE,Hooker Field,Other,Demo League
266,2027-06-04,19:28:26,5,2,"Pratt, Cole (OPP_ONE)",3002,Left,OPP_ONE,Adrian Soto,2005,Right,MAR_MUS,9,Bottom,2,0,1,Cutter,Cutter,FoulBall,Undefined,Undefined,Undefined,82.8,2405,5.93,-1.75,5.93,5.5,3.7,2.69,-0.02,,,,0,0,MAR_MUS,OPP_ONE,Hooker Field,Other,Demo League
267,2027-06-04,19:29:27,5,3,"Pratt, Cole (OPP_ONE)",3002,Left,OPP_ONE,Adrian Soto,2005,Right,MAR_MUS,9,Bottom,2,0,2,Fastball,Fastball,FoulBall,Undefined,Undefined,Undefined,87.5,2241,5.99,-1.9,6,15.9,-11.5,2.6,-0.05,,,,0,0,MAR_MUS,OPP_ONE,Hooker Field,Other,Demo League
268,2027-06-04,19:29:28,5,4,"Pratt, Cole (OPP_ONE)",3002,Left,OPP_ONE,Adrian Soto,2005,Right,MAR_MUS,9,Bottom,2,0,2,Fastball,Fastball,StrikeCalled,Strikeout,Undefined,Undefined,89,2220,5.83,-2.09,6.45,14.1,-9.1,2.44,-0.71,,,,0,0,MAR_MUS,OPP_ONE,Hooker Field,Other,Demo League
