date,time,opponent,home_away,location,result
2027-06-04,7:00 PM,OPP_ONE,Home,Hooker Field,W 6-3
2027-06-06,7:00 PM,OPP_TWO,Away,OPP_TWO Park,L 2-4
2027-06-08,7:00 PM,OPP_THREE,Home,Hooker Field,
2027-06-10,7:00 PM,OPP_FOUR,Away,OPP_FOUR Park,
2027-06-12,7:00 PM,OPP_FIVE,Home,Hooker Field,
2027-06-14,7:00 PM,OPP_ONE,Away,OPP_ONE Park,
2027-06-16,7:00 PM,OPP_TWO,Home,Hooker Field,
2027-06-18,7:00 PM,OPP_THREE,Away,OPP_THREE Park,
2027-06-20,7:00 PM,OPP_FOUR,Home,Hooker Field,
2027-06-22,7:00 PM,OPP_FIVE,Away,OPP_FIVE Park,
2027-06-24,7:00 PM,OPP_ONE,Home,Hooker Field,
2027-06-26,7:00 PM,OPP_TWO,Away,OPP_TWO Park,
2027-06-28,7:00 PM,OPP_THREE,Home,Hooker Field,
2027-06-30,7:00 PM,OPP_FOUR,Away,OPP_FOUR Park,
2027-07-02,7:00 PM,OPP_FIVE,Home,Hooker Field,
2027-07-04,7:00 PM,OPP_ONE,Away,OPP_ONE Park,
2027-07-06,7:00 PM,OPP_TWO,Home,Hooker Field,
2027-07-08,7:00 PM,OPP_THREE,Away,OPP_THREE Park,
2027-07-10,7:00 PM,OPP_FOUR,Home,Hooker Field,
2027-07-12,7:00 PM,OPP_FIVE,Away,OPP_FIVE Park,
2027-07-14,7:00 PM,OPP_ONE,Home,Hooker Field,
2027-07-16,7:00 PM,OPP_TWO,Away,OPP_TWO Park,
2027-07-18,7:00 PM,OPP_THREE,Home,Hooker Field,
2027-07-20,7:00 PM,OPP_FOUR,Away,OPP_FOUR Park,
2027-07-22,7:00 PM,OPP_FIVE,Home,Hooker Field,
2027-07-24,7:00 PM,OPP_ONE,Away,OPP_ONE Park,
2027-07-26,7:00 PM,OPP_TWO,Home,Hooker Field,
2027-07-28,7:00 PM,OPP_THREE,Away,OPP_THREE Park,
2027-07-30,7:00 PM,OPP_FOUR,Home,Hooker Field,
2027-08-01,7:00 PM,OPP_FIVE,Away,OPP_FIVE Park,
2027-08-03,7:00 PM,OPP_ONE,Home,Hooker Field,
2027-08-05,7:00 PM,OPP_TWO,Away,OPP_TWO Park,
2027-08-07,7:00 PM,OPP_THREE,Home,Hooker Field,
